date,tavg,tmin,tmax,prcp,snow,wdir,wspd,wpgt,pres,tsun
2021-01-01,25.1,23,30,,,28,11.8,,1011.3,
2021-01-02,26.2,22,31,,,3,10.2,,1010.5,
2021-01-03,27.3,22,32,,,357,6.8,,1009.8,
2021-01-04,27.8,24,33,,,39,7.7,,1009.4,
2021-01-05,27.6,24,32,,,31,6.4,,1009.8,
2021-01-06,28.1,24,32,,,71,7.3,,1008.8,
2021-01-07,28.1,24,34,,,57,7.1,,1008.3,
2021-01-08,27.6,24,33,,,355,5.9,,1008.2,
2021-01-09,26.9,23,32,,,37,7.1,,1009.3,
2021-01-10,26.1,22,30,,,351,6.4,,1010,
2021-01-11,26.3,22,32,,,347,7.1,,1010.6,
2021-01-12,24.4,21,31,,,11,10.4,,1011.3,
2021-01-13,23.7,19,28,,,323,7.3,,1011.7,
2021-01-14,24.9,18,30,,,230,6.1,,1011.1,
2021-01-15,25.6,21,31,,,97,7.2,,1009.5,
2021-01-16,26,21,32,,,44,8.7,,1009.7,
2021-01-17,25.9,22,32,,,59,10.1,,1011.1,
2021-01-18,25.6,21,31,,,29,10.2,,1011.6,
2021-01-19,24.4,20,28,,,317,6.7,,1011.3,
2021-01-20,26.8,22,31,,,280,6.1,,1010.5,
2021-01-21,27.2,24,32,,,236,8.3,,1009.8,
2021-01-22,26.4,24,30,,,211,8.9,,1009.6,
2021-01-23,27.1,24,32,,,123,8.1,,1009.9,
2021-01-24,26.8,24,31,,,139,8.5,,1010.5,
2021-01-25,27.2,24,32,,,92,7,,1010,
2021-01-26,27.8,25,33,,,90,6.9,,1009.2,
2021-01-27,27.4,24,33,,,92,7.8,,1009.3,
2021-01-28,26.9,24,33,,,64,7.8,,1010.6,
2021-01-29,26.8,23,33,,,17,7.9,,1011.2,
2021-01-30,26.6,21,31,,,340,6.1,,1011.5,
2021-01-31,27.2,24,34,,,29,7.4,,1011.6,
2021-02-01,27,24,33,,,64,8.2,,1011.8,
2021-02-02,26.8,23,33,,,69,8.8,,1012.2,
2021-02-03,26.6,23,31,,,170,6.8,,1011.8,
2021-02-04,28,22,33,,,331,6.5,,1012.1,
2021-02-05,27.5,25,32,,,269,8,,1011.1,
2021-02-06,27.8,24,33,,,235,6.6,,1010,
2021-02-07,27.1,24,31,,,273,6.8,,1010,
2021-02-08,26.3,24,32,,,117,8.6,,1009.9,
2021-02-09,28.2,25,33,,,148,7.4,,1008.9,
2021-02-10,28.4,25,31,,,108,7.6,,1009.2,
2021-02-11,26.3,25,28,,,191,7.1,,1010.2,
2021-02-12,26.4,24,32,,,158,8.6,,1011.2,
2021-02-13,24.1,23,31,,,138,9.1,,1011.9,
2021-02-14,24.9,23,30,,,148,10.3,,1012.7,
2021-02-15,25.1,21,30,,,142,9.4,,1011.4,
2021-02-16,25.6,22,31,,,149,12.8,,1010.8,
2021-02-17,26.5,22,32,,,127,10.1,,1011.8,
2021-02-18,26.4,21,31,,,356,5.5,,1013.2,
2021-02-19,28.8,21,33,,,34,8.1,,1013.1,
2021-02-20,26.8,22,33,,,93,7.3,,1012.5,
2021-02-21,23,22,33,,,0,8.4,,1011.9,
2021-02-22,25.7,23,31,,,158,10.8,,1011.4,
2021-02-23,26.7,22,32,,,107,9,,1010.1,
2021-02-24,26.8,24,32,,,170,10.3,,1009.2,
2021-02-25,27.3,23,32,,,174,9,,1007.7,
2021-02-26,28,25,33,,,166,10.6,,1006.6,
2021-02-27,28.1,26,33,,,156,10,,1007.3,
2021-02-28,28.6,25,34,,,134,14.7,,1008.8,
2021-03-01,29.1,25,34,,,140,14.4,,1011.5,
2021-03-02,28.7,25,34,,,138,13.2,,1011.3,
2021-03-03,29.1,25,34,,,119,10.5,,1011.1,
2021-03-04,29.3,25,36,,,118,14.4,,1011.6,
2021-03-05,28.6,24,36,,,131,16.9,,1011.4,
2021-03-06,29.1,23,35,,,133,10.4,,1011.9,
2021-03-07,29.1,25,35,,,145,14.1,,1011,
2021-03-08,29.2,25,35,,,115,10.2,,1011.6,
2021-03-09,29.1,25,35,,,108,11.4,,1011.4,
2021-03-10,29.3,25,35,,,99,9.3,,1011,
2021-03-11,29.7,25,35,,,101,12.2,,1010.9,
2021-03-12,30.1,26,35,,,120,10.3,,1011.2,
2021-03-13,29.2,26,35,,,115,10.1,,1011,
2021-03-14,28.2,24,35,,,105,10.6,,1009.5,
2021-03-15,28.3,25,34,,,148,10.1,,1009.4,
2021-03-16,27.9,25,32,,,149,12.8,,1009.1,
2021-03-17,28.1,25,33,,,147,12,,1009.1,
2021-03-18,28.7,26,32,,,150,12.6,,1008.9,
2021-03-19,29.6,26,34,,,154,12.1,,1008,
2021-03-20,29.1,27,33,,,149,11.5,,1007.2,
2021-03-21,29.4,27,35,,,133,12.1,,1007.5,
2021-03-22,30.4,26,36,,,75,9.2,,1009.4,
2021-03-23,30.3,26,35,,,58,9.6,,1009.3,
2021-03-24,30.7,27,35,,,108,12.1,,1008.7,
2021-03-25,30.3,27,36,,,112,11.2,,1008.6,
2021-03-26,29.9,26,36.7,,,119,15.1,,1008.3,
2021-03-27,29.9,27,36,,,129,14.1,,1008.1,
2021-03-28,29.8,26,36,,,140,12.9,,1008,
2021-03-29,29.7,27,35,,,158,10.1,,1007.7,
2021-03-30,29.8,27,36,,,192,10.9,,1006.5,
2021-03-31,30.2,27,35,,,196,10.9,,1005.5,
2021-04-01,30.6,27,35,,,195,11.9,,1005.6,
2021-04-02,30.4,28,37,,,207,10.4,,1006.4,
2021-04-03,29.7,24,34,,,145,11,,1007.4,
2021-04-04,28.9,27,34,,,150,11.9,,1008.5,
2021-04-05,29.7,26,34,,,120,10.3,,1009.5,
2021-04-06,30.4,26,35,,,120,13.2,,1010,
2021-04-07,30.4,26,36,,,115,10.4,,1010,
2021-04-08,28.7,27,33,,,121,10.5,,1009.3,
2021-04-09,28.6,26,31,,,156,10.1,,1009.5,
2021-04-10,29.5,26,34,,,105,8.3,,1010.8,
2021-04-11,29.6,27,35,,,127,12.3,,1011.6,
2021-04-12,29.4,26,35,,,124,11.4,,1011.7,
2021-04-13,29.9,27,34,,,144,12.7,,1010.8,
2021-04-14,29.2,28,35,,,169,10,,1010.4,
2021-04-15,29.4,24,35,,,200,7.8,,1009.4,
2021-04-16,27.9,22,34,,,189,11.2,,1009.6,
2021-04-17,28.7,25,33,,,164,7.2,,1011,
2021-04-18,28.3,25,32,,,183,9.3,,1010.8,
2021-04-19,28.4,26,33,,,203,7.8,,1009.5,
2021-04-20,30.1,26,34,,,228,7.5,,1009.1,
2021-04-21,29.2,27,33,,,225,10.5,,1008.8,
2021-04-22,27.7,24,32,,,239,8.1,,1009,
2021-04-23,28.2,25,33,,,258,8.3,,1008.2,
2021-04-24,29.2,26,34,,,203,7.9,,1008.2,
2021-04-25,29.8,26,34,,,230,9.5,,1008.9,
2021-04-26,30.6,27,35,,,199,10.1,,1008.5,
2021-04-27,29.7,27,34,,,168,9.4,,1010.1,
2021-04-28,30.1,27,34,,,127,11.7,,1010.8,
2021-04-29,30.2,28,35,,,121,11.6,,1010.3,
2021-04-30,30.6,28,35,,,122,12.9,,1010,
2021-05-01,30.6,28,34,,,127,14,,1010,
2021-05-02,30.9,28,36,,,132,14.5,,1009.4,
2021-05-03,30.7,28,35,,,126,13.5,,1007.9,
2021-05-04,31.4,27,36,,,106,10.5,,1007.3,
2021-05-05,31.7,28,37,,,110,14.9,,1007.4,
2021-05-06,29.4,26,36,,,87,13.4,,1009.4,
2021-05-07,30.2,25,34,,,32,9.5,,1010,
2021-05-08,29.3,27,34,,,108,6.8,,1008.8,
2021-05-09,30.9,28,36,,,132,11.6,,1008,
2021-05-10,30.9,28,34,,,147,11.5,,1007.8,
2021-05-11,31.1,28,35,,,154,10.7,,1007.3,
2021-05-12,30.9,28,35,,,146,7.9,,1006.9,
2021-05-13,31.3,29,36,,,129,9,,1006,
2021-05-14,30.6,29,34,,,143,10.8,,1006.4,
2021-05-15,28.5,27,34,,,111,7.9,,1007.3,
2021-05-16,30.9,26,36,,,131,8.5,,1006.9,
2021-05-17,28.8,26,34,,,152,8.3,,1007.7,
2021-05-18,29.6,26,34,,,181,7.7,,1008.3,
2021-05-19,28.9,27,35,,,216,6.5,,1007.6,
2021-05-20,31.3,26,35,,,198,6.8,,1007.6,
2021-05-21,28,25,34,,,218,7.8,,1007.6,
2021-05-22,27.9,25,33,,,252,10.2,,1007,
2021-05-23,27.1,25,32,,,252,8.7,,1006.6,
2021-05-24,27.1,25,30,,,293,8.7,,1007.3,
2021-05-25,24.8,23,28,,,260,5.7,,1008.1,
2021-05-26,27.4,24,30,,,241,8.3,,1007.9,
2021-05-27,27.4,25,31,,,203,5.9,,1008.2,
2021-05-28,29.4,26,33,,,195,6.3,,1009.5,
2021-05-29,29.3,26,34,,,212,8.5,,1009.3,
2021-05-30,30.8,26,35,,,249,7.2,,1007.8,
2021-05-31,30.9,27,34,,,264,12.6,,1006.4,
2021-06-01,29.8,28,34,,,240,10,,1006.8,
2021-06-02,28.4,24,34,,,227,9.1,,1007.4,
2021-06-03,30.4,26,35,,,254,8.3,,1008,
2021-06-04,31,27,35,,,245,11,,1007.6,
2021-06-05,29.9,27,35,,,243,14.2,,1007.9,
2021-06-06,28.8,27,33,,,241,11,,1007.9,
2021-06-07,28.1,24,33,,,235,16.9,,1008.4,
2021-06-08,26.1,24,29,,,235,9.2,,1009.4,
2021-06-09,28.3,25,32,,,237,9.9,,1008,
2021-06-10,28,26,32,,,261,13.6,,1006.9,
2021-06-11,28.1,25,32,,,272,13.2,,1005.8,
2021-06-12,28.2,25,32,,,258,16.3,,1007.4,
2021-06-13,29.1,26,32,,,246,15.6,,1008.2,
2021-06-14,28.8,27,34,,,249,14.3,,1008.4,
2021-06-15,27.4,25,32,,,250,9.3,,1007.8,
2021-06-16,29.3,26,33,,,262,9.5,,1009,
2021-06-17,29.3,25,35,,,276,7.3,,1009.6,
2021-06-18,30.2,26,34,,,269,8.9,,1009.9,
2021-06-19,29.7,27,34,,,243,11.4,,1009.2,
2021-06-20,29.3,26,35,,,253,12.2,,1008,
2021-06-21,28.9,25,32,,,241,14.5,,1007.6,
2021-06-22,28,25,32,,,233,14.6,,1008.7,
2021-06-23,28.1,25,32,,,243,11.7,,1009.2,
2021-06-24,29.7,26,33,,,254,9.6,,1007.9,
2021-06-25,29.2,26,34,,,226,11.5,,1007.5,
2021-06-26,29.8,27,33,,,200,10.3,,1008.9,
2021-06-27,30.6,27,35,,,228,10.6,,1009.8,
2021-06-28,30.4,27,35,,,241,13.9,,1008.8,
2021-06-29,30.4,27,35,,,226,10,,1007.9,
2021-06-30,29.4,27,34,,,233,11.4,,1008.4,
2021-07-01,30.3,27,35,,,225,12,,1008.5,
2021-07-02,30.9,28,35,,,238,12.3,,1008.5,
2021-07-03,30.7,27,36,,,249,9.2,,1007,
2021-07-04,28.8,27,32,,,225,10,,1006.3,
2021-07-05,27.1,25,31,,,228,7.5,,1005.9,
2021-07-06,27.6,25,31,,,241,11.4,,1005.8,
2021-07-07,27.7,25,34,,,233,12.3,,1007.1,
2021-07-08,27.3,25,31,,,239,11.2,,1007.6,
2021-07-09,28.1,25,31,,,212,12.4,,1007.2,
2021-07-10,29.7,26,33,,,169,9.2,,1007.3,
2021-07-11,30.1,27,35,,,164,7.7,,1008.5,
2021-07-12,29.3,26,35,,,140,8.7,,1008.5,
2021-07-13,29.1,25,34,,,139,6.7,,1007.5,
2021-07-14,28,25,33,,,203,7.4,,1006.9,
2021-07-15,26.8,25,32,,,261,8.2,,1008.1,
2021-07-16,29.2,24,34,,,291,9.6,,1009.4,
2021-07-17,29.6,26,33,,,277,13.2,,1007.4,
2021-07-18,27.7,26,33,,,263,17.7,,1006.3,
2021-07-19,26.4,22,33,,,266,11.4,,1007.6,
2021-07-20,27.6,25,33,,,254,9.7,,1008.5,
2021-07-21,27.6,26,31,,,246,17.3,,1008,
2021-07-22,27.2,23,32,,,240,15.2,,1007.7,
2021-07-23,27.2,23,30,,,245,14.3,,1006.9,
2021-07-24,29,27,33,,,252,21.5,,1006.6,
2021-07-25,27.4,24,32,,,250,15.6,,1007.6,
2021-07-26,29,26,33,,,248,18.8,,1006.8,
2021-07-27,27.3,25,33,,,250,18.4,,1006,
2021-07-28,27.6,25,31,,,257,18.2,,1005.8,
2021-07-29,26.4,25,32,,,242,14.8,,1007,
2021-07-30,28.7,25,32,,,250,16.3,,1007.7,
2021-07-31,29.6,26,33,,,248,18.4,,1007.7,
2021-08-01,28.8,26,34,,,251,18.9,,1006.5,
2021-08-02,28.8,26,32,,,249,20.3,,1007,
2021-08-03,29.4,27,32,,,250,22.8,,1007.6,
2021-08-04,28.8,27,33,,,253,20,,1008.3,
2021-08-05,28.9,27,33,,,242,22.6,,1008,
2021-08-06,29.4,27,33,,,248,19.9,,1008.4,
2021-08-07,29.8,27,34,,,257,15.8,,1008.5,
2021-08-08,30.2,27,34,,,251,14.2,,1008.4,
2021-08-09,30.3,27,34,,,254,14,,1007.2,
2021-08-10,28.7,26,35,,,219,12.3,,1007,
2021-08-11,27.7,26,32,,,210,9.4,,1009.2,
2021-08-12,28.2,25,31,,,214,7.8,,1010.7,
2021-08-13,28.2,26,34,,,253,8.9,,1009.3,
2021-08-14,29.2,26,33,,,250,10.3,,1007.9,
2021-08-15,28.3,26,31,,,281,5.3,,1009.9,
2021-08-16,28.6,25,35,,,312,6.4,,1011.6,
2021-08-17,27.5,23,34,,,301,5.9,,1010.5,
2021-08-18,27.9,23,34,,,244,5.7,,1008.5,
2021-08-19,28.6,24,35,,,284,6.1,,1008.2,
2021-08-20,27.6,24,33,,,164,5.2,,1009,
2021-08-21,28.1,23,34,,,198,4.1,,1009.3,
2021-08-22,29.2,26,34,,,222,9.7,,1008.3,
2021-08-23,27.6,25,32,,,162,9.1,,1008,
2021-08-24,27,24,31,,,205,8.6,,1007.1,
2021-08-25,27.4,25,31,,,225,10.3,,1007.5,
2021-08-26,26.7,25,31,,,182,9.1,,1007.9,
2021-08-27,28.9,25,33,,,268,6.5,,1007.5,
2021-08-28,25.7,24,32,,,123,6,,1007.7,
2021-08-29,27.8,24,32,,,298,7,,1007.3,
2021-08-30,27.3,23,33,,,248,5.7,,1008.1,
2021-08-31,27.7,25,34,,,181,4.2,,1008.8,
2021-09-01,28.4,25,33,,,191,6.6,,1008.4,
2021-09-02,27.9,25,31,,,202,6.6,,1008.2,
2021-09-03,27.6,25,32,,,275,10.4,,1007.7,
2021-09-04,26.9,25,31,,,252,8.9,,1008.5,
2021-09-05,26.8,24,32,,,305,7.9,,1008.6,
2021-09-06,27.9,24,32,,,274,7,,1008.9,
2021-09-07,28.2,25,33,,,272,6.5,,1007.8,
2021-09-08,27.8,26,32,,,223,14,,1006.5,
2021-09-09,26.9,25,32,,,220,15,,1007.8,
2021-09-10,27.4,25,30,,,240,12.8,,1008.3,
2021-09-11,28,26,32,,,276,16.3,,1006.7,
2021-09-12,27.4,24,31,,,259,16.4,,1004.7,
2021-09-13,26.9,25,32,,,257,11.6,,1005.8,
2021-09-14,26.6,24,30,,,235,6.6,,1008.1,
2021-09-15,27.9,25,31,,,208,8.2,,1009.9,
2021-09-16,27.7,25,32,,,287,4.1,,1009.6,
2021-09-17,27.6,25,33,,,172,3.9,,1009,
2021-09-18,27.8,25,34,,,77,5.6,,1008.7,
2021-09-19,26.6,24,30,,,254,5.6,,1008.4,
2021-09-20,27.4,24,32,,,248,10.3,,1008.4,
2021-09-21,27.1,25,32,,,199,7,,1008.2,
2021-09-22,27.4,25,32,,,234,9.7,,1008.2,
2021-09-23,28.1,25,32,,,298,7.7,,1008.5,
2021-09-24,27,24,33,,,227,9.5,,1008.4,
2021-09-25,26.8,24,31,,,235,6.7,,1008.2,
2021-09-26,26.3,25,32,,,72,4.1,,1007.8,
2021-09-27,29.5,24,33,,,122,7.3,,1007.9,
2021-09-28,28.8,26,34,,,79,5.8,,1008.1,
2021-09-29,28.6,26,33,,,259,5.7,,1007.7,
2021-09-30,27.7,25,32,,,229,5.6,,1008.7,
2021-10-01,27.3,25,32,,,305,5.7,,1009.3,
2021-10-02,25.8,24,29,,,306,8.9,,1009.6,
2021-10-03,27.6,24,30,,,3,3.5,,1008.6,
2021-10-04,27.8,25,32,,,331,4.3,,1007,
2021-10-05,27.4,24,32,,,232,6.3,,1005.9,
2021-10-06,26.8,25,29,,,262,5.6,,1004.7,
2021-10-07,26.8,24,30,,,274,8.3,,1003.9,
2021-10-08,28.2,25,31,,,258,14.6,,1004.8,
2021-10-09,27.1,25,31,,,257,13.1,,1006.3,
2021-10-10,28.4,26,32,,,249,12.9,,1005.8,
2021-10-11,26.4,24,30,,,253,13.7,,1005.5,
2021-10-12,27.7,25,31,,,257,16.9,,1005,
2021-10-13,28.6,26,32,,,260,17,,1004,
2021-10-14,28.8,27,32,,,230,13.6,,1005.2,
2021-10-15,27.8,25,34,,,268,8.6,,1006.5,
2021-10-16,26.2,25,29,,,315,6.3,,1007.7,
2021-10-17,26.7,23,30,,,305,10.1,,1008.6,
2021-10-18,28.8,26,32,,,142,7,,1010,
2021-10-19,29.1,26,33,,,150,8.1,,1012.3,
2021-10-20,26.8,25,32,,,314,4.7,,1012.3,
2021-10-21,27.8,25,32,,,89,6.4,,1011.7,
2021-10-22,27.6,25,32,,,85,6.2,,1011.9,
2021-10-23,27.6,24,34,,,10,6.1,,1011.7,
2021-10-24,27.3,24,33,,,293,5.4,,1010.7,
2021-10-25,27.3,24,31,,,6,6.3,,1009.1,
2021-10-26,28.1,25,32,,,17,8.9,,1008.3,
2021-10-27,26.1,24,29,,,323,8.7,,1008.6,
2021-10-28,29.1,24,33,,,120,9.4,,1010.3,
2021-10-29,28.8,26,35,,,112,8.7,,1011.5,
2021-10-30,28.6,25,33,,,88,8.4,,1011.6,
2021-10-31,28.1,25,33,,,71,8.3,,1011.7,
2021-11-01,28.9,25,34,,,74,6.9,,1010.9,
2021-11-02,29.3,25,34,,,85,6.2,,1010.8,
2021-11-03,29.5,25,34,,,81,5.1,,1009.9,
2021-11-04,29.3,25,34,,,111,11.5,,1009.8,
2021-11-05,28.8,25,33,,,90,8.4,,1008.7,
2021-11-06,29.5,25,34,,,108,7.7,,1006.9,
2021-11-07,29.2,25,34,,,109,7.1,,1007.1,
2021-11-08,29.6,26,34,,,109,12,,1008.3,
2021-11-09,28.1,25,32,,,22,4.4,,1009,
2021-11-10,28.6,25,33,,,27,9.2,,1008.9,
2021-11-11,26.6,25,31,,,20,5.8,,1009.3,
2021-11-12,28.1,24,34,,,22,6.3,,1009.3,
2021-11-13,28.7,25,33,,,85,10,,1009.5,
2021-11-14,26.7,25,30,,,337,5.6,,1010,
2021-11-15,27.9,24,32,,,69,7.3,,1008.5,
2021-11-16,27.7,25,32,,,56,6.8,,1008.9,
2021-11-17,27.9,25,34,,,17,4.4,,1009,
2021-11-18,27.8,25,32,,,32,5,,1008.3,
2021-11-19,28.6,25,33,,,322,6.2,,1007,
2021-11-20,26.8,25,31,,,7,5,,1007.2,
2021-11-21,29.3,24,33,,,64,4.9,,1008,
2021-11-22,28.1,26,32,,,99,12.3,,1009,
2021-11-23,27.4,24,33,,,1,3.2,,1009.1,
2021-11-24,28.9,24,34,,,33,4.2,,1009.6,
2021-11-25,27.8,25,32,,,23,7.1,,1010,
2021-11-26,27.9,24,32,,,20,8.4,,1009.2,
2021-11-27,25.6,25,28,,,19,11.9,,1009.4,
2021-11-28,27.2,24,31,,,352,6.1,,1008.4,
2021-11-29,26.9,25,30,,,47,6,,1007.8,
2021-11-30,25.7,25,29,,,77,8.7,,1009.1,
2021-12-01,26.6,24,31,,,24,7.8,,1010.3,
2021-12-02,26.3,22,31,,,3,6.2,,1011.3,
2021-12-03,26.1,22,31,,,354,7.8,,1012.8,
2021-12-04,23.8,21,29,,,356,7.5,,1012.9,
2021-12-05,25.7,19,30,,,348,7.9,,1012,
2021-12-06,26.7,21,31,,,2,7.2,,1011.3,
2021-12-07,26.2,22,31,,,354,6.3,,1011.9,
2021-12-08,28.1,21,32,,,13,4.7,,1012,
2021-12-09,26.8,25,31,,,12,5,,1012.2,
2021-12-10,27.1,22,33,,,30,7,,1012,
2021-12-11,26.7,23,32,,,327,6.8,,1012.2,
2021-12-12,27.7,23,32,,,326,5.9,,1011.3,
2021-12-13,27.6,23,33,,,55,9.5,,1010.7,
2021-12-14,27.7,23,32,,,43,7.6,,1009.5,
2021-12-15,28.9,24,34,,,34,6.9,,1009,
2021-12-16,28.8,26,32,,,40,4.6,,1009.4,
2021-12-17,27.7,25,32,,,46,5.2,,1009.7,
2021-12-18,28.1,23,33,,,18,9.3,,1009.5,
2021-12-19,26.1,24,31,,,358,14.2,,1009.7,
2021-12-20,26.7,23,31,,,331,7.7,,1011.8,
2021-12-21,27.8,23,33,,,126,7.7,,1011.9,
2021-12-22,26.6,25,31,,,95,6.3,,1011.5,
2021-12-23,27.2,25,32,,,30,6.3,,1011,
2021-12-24,26.1,23,32,,,5,6,,1011.2,
2021-12-25,27.6,23,33,,,357,5.4,,1011.6,
2021-12-26,28,24,32,,,285,6.1,,1012.5,
2021-12-27,27.3,24,33,,,345,5.2,,1012.9,
2021-12-28,26.8,23,31,,,32,5.2,,1012.3,
2021-12-29,27.6,24,32,,,16,6.9,,1012.2,
2021-12-30,27.9,24,33,,,48,11.6,,1013.4,
2021-12-31,27.4,23,33,,,38,9.5,,1013.3,
2022-01-01,27.9,23,33,,,55,7.8,,1012.9,
2022-01-02,28,23,33,,,59,6.5,,1012.3,
2022-01-03,27.3,24,32,,,45,6.6,,1011.3,
2022-01-04,27.2,24,32,,,40,6.4,,1011.5,
2022-01-05,27.9,24,32,,,94,6.4,,1011.3,
2022-01-06,27.5,24,31,,,54,4.6,,1011.8,
2022-01-07,28,26,33,,,34,5.9,,1012.3,
2022-01-08,27.6,24,33,,,51,6.9,,1012,
2022-01-09,28,23,33,,,78,7.3,,1011.2,
2022-01-10,27.9,25,32,,,111,6.6,,1011.6,
2022-01-11,27.4,24,34,,,98,8.1,,1012.6,
2022-01-12,26.7,22,32,,,97,7.7,,1013.1,
2022-01-13,26.2,21,30,,,150,6.3,,1013.2,
2022-01-14,26.8,22,33,,,66,7.4,,1013.3,
2022-01-15,27.1,21,34,,,84,6.3,,1012.6,
2022-01-16,28.2,22,33,,,106,9.4,,1012.3,
2022-01-17,27.4,24,32,,,112,5.9,,1012.3,
2022-01-18,27.5,23,33,,,71,6,,1011.6,
2022-01-19,27,24,32,,,217,8.3,,1010.4,
2022-01-20,26.9,23,32,,,20,6.8,,1010.3,
2022-01-21,27.6,23,34,,,149,7.2,,1010.6,
2022-01-22,27.4,23,34,,,159,10.1,,1009.6,
2022-01-23,27.9,25,33,,,149,9.4,,1009.7,
2022-01-24,28.1,25,33,,,159,7.3,,1009.6,
2022-01-25,27.6,25,31,,,155,10.4,,1009.8,
2022-01-26,27.2,24,33,,,107,8.3,,1010,
2022-01-27,27.7,24,35,,,12,7.7,,1009.5,
2022-01-28,28.3,24,33,,,268,6.8,,1010.3,
2022-01-29,27.8,25,33,,,211,9.4,,1009.8,
2022-01-30,27.6,26,32,,,163,12.3,,1010.2,
2022-01-31,28.6,25,34,,,138,14.2,,1010,
2022-02-01,29.1,25,35,,,128,13.5,,1010.3,
2022-02-02,29.2,24,35,,,134,13.5,,1010.8,
2022-02-03,28.9,24,36,,,124,10.6,,1010.6,
2022-02-04,28.7,24,35,,,73,7.2,,1009.9,
2022-02-05,28.8,24,35,,,64,7,,1010.3,
2022-02-06,28.8,23,33,,,64,8,,1010.9,
2022-02-07,29.6,24,35,,,81,9.1,,1010.5,
2022-02-08,28.6,27,33,,,116,11.4,,1010.4,
2022-02-09,29.1,24,35,,,114,9.9,,1010.3,
2022-02-10,29.5,25,35,,,98,10.2,,1009.6,
2022-02-11,28.9,25,33,,,92,8.1,,1009,
2022-02-12,29.4,25,36,,,89,9.4,,1008,
2022-02-13,29.1,25,33,,,113,10.5,,1007.3,
2022-02-14,29,26,35,,,108,10.1,,1007.8,
2022-02-15,29.3,25,34,,,113,12.5,,1008.6,
2022-02-16,29.1,26,34,,,131,14.7,,1008,
2022-02-17,28.7,26,33,,,145,14.5,,1008,
2022-02-18,29.1,26,34,,,146,14.7,,1008.6,
2022-02-19,28.7,26,32,,,158,10.5,,1010.3,
2022-02-20,28.2,26,32,,,142,11.7,,1009.9,
2022-02-21,27.6,25,34,,,149,8.2,,1010.6,
2022-02-22,26.4,25,32,,,338,6.9,,1011.8,
2022-02-23,27.6,24,33,,,359,5.7,,1012.4,
2022-02-24,27.6,24,32,,,29,9,,1012.8,
2022-02-25,27.4,23,33,,,39,9.8,,1012.7,
2022-02-26,29.1,23,35,,,63,8.8,,1012,
2022-02-27,29.3,24,35,,,94,9.1,,1011.7,
2022-02-28,29.7,24,35,,,103,10.3,,1011,
2022-03-01,29.4,26,34,,,122,8.2,,1010.9,
2022-03-02,28.4,26,34,,,72,7.5,,1010.7,
2022-03-03,29.6,26,34,,,165,8.5,,1010.2,
2022-03-04,29.6,26,35,,,96,9.8,,1009.5,
2022-03-05,29.4,27,34,,,133,10.5,,1009.2,
2022-03-06,29.9,24,36,,,124,12.4,,1009.1,
2022-03-07,29.3,26,35,,,113,11.9,,1009.6,
2022-03-08,29.6,25,36,,,111,8.5,,1009.3,
2022-03-09,28.3,25,34,,,96,10.9,,1009,
2022-03-10,27.6,25,31,,,148,8.1,,1008.8,
2022-03-11,28.9,25,34,,,282,7.6,,1007.5,
2022-03-12,27.9,25,32,,,134,7.9,,1007.4,
2022-03-13,30.1,26,35,,,125,10.3,,1007.2,
2022-03-14,29.5,27,35,,,137,13.3,,1007.8,
2022-03-15,29.7,27,35,,,147,13,,1007.5,
2022-03-16,28.9,26,33,,,150,12.7,,1007.5,
2022-03-17,29.5,26,34,,,148,11.2,,1007.3,
2022-03-18,29.4,26,34,,,157,10.4,,1007.2,
2022-03-19,29.9,25,35,,,134,11.2,,1006.7,
2022-03-20,29.3,26,34,,,124,11.5,,1007.9,
2022-03-21,29.4,27,34,,,139,14.2,,1009.5,
2022-03-22,28.2,26,33,,,127,12.3,,1010.1,
2022-03-23,29.6,25,35,,,135,10,,1009.6,
2022-03-24,30.1,27,35,,,146,12.8,,1009.1,
2022-03-25,30.3,27,35,,,146,15.2,,1009.8,
2022-03-26,30.8,27,36,,,149,8.3,,1010.4,
2022-03-27,30.3,28,35,,,171,10.8,,1010.1,
2022-03-28,28.4,24,36,,,186,8.2,,1009.8,
2022-03-29,27.9,25,35,,,345,8.1,,1009.4,
2022-03-30,28.9,24,34,,,307,9.8,,1008.4,
2022-03-31,28.2,25,33,,,206,7,,1008,
2022-04-01,28.1,24,32,,,128,13,,1009.7,
2022-04-02,28.7,26,34,,,119,13.8,,1010.5,
2022-04-03,28.2,24,35,,,14,10.8,,1010.4,
2022-04-04,27.4,24,33,,,40,9.6,,1011.8,
2022-04-05,27.8,24,34,,,11,7.7,,1011.9,
2022-04-06,28.9,25,34,,,295,5.9,,1010.8,
2022-04-07,28.8,25,33,,,1,7.3,,1010,
2022-04-08,29.6,25,34,,,302,8.8,,1009.5,
2022-04-09,29.4,26,34,,,242,9,,1009.2,
2022-04-10,29,27,33,,,151,10.5,,1008.8,
2022-04-11,29.1,26,33,,,146,12,,1008.7,
2022-04-12,29.6,26,33,,,174,10.2,,1007.8,
2022-04-13,30.2,27,35,,,218,10.5,,1006.5,
2022-04-14,29.8,27,35,,,221,10.5,,1006.5,
2022-04-15,29.1,24,34,,,178,9.8,,1007.4,
2022-04-16,27.1,24,32,,,177,9,,1007.4,
2022-04-17,29.7,25,34,,,129,12.4,,1008.1,
2022-04-18,29.9,28,33,,,131,13.5,,1008.9,
2022-04-19,29.9,26,34,,,134,8.4,,1009.8,
2022-04-20,29.7,26,35,,,100,9.2,,1009.3,
2022-04-21,30.4,27,35,,,125,13.9,,1008.8,
2022-04-22,30.6,27,35,,,137,13.8,,1009.1,
2022-04-23,30.1,27,35,,,135,13.6,,1008.4,
2022-04-24,30.6,28,35,,,146,11.3,,1007.4,
2022-04-25,30.7,28,34,,,156,11.9,,1007.3,
2022-04-26,30.3,26,35,,,172,9.3,,1007.1,
2022-04-27,31.7,27,36,,,52,7,,1006.7,
2022-04-28,30.9,29,35,,,154,12.9,,1007,
2022-04-29,25.8,23,29,,,254,7.7,,1007.6,
2022-04-30,27.3,24,31,,,83,6.3,,1006.5,
2022-05-01,27.5,26,31,,,154,6.4,,1006.3,
2022-05-02,28.1,25,32,,,137,8.1,,1007,
2022-05-03,27.9,25,34,,,112,10,,1008.5,
2022-05-04,26.9,25,33,,,341,7.6,,1009,
2022-05-05,28.2,24,32,,,119,8.4,,1007.3,
2022-05-06,29.9,25,34,,,109,10.1,,1007.1,
2022-05-07,30.1,28,34,,,120,16.2,,1007.2,
2022-05-08,29.3,27,32,,,112,13.5,,1007.6,
2022-05-09,30.3,27,35,,,128,15.6,,1007.9,
2022-05-10,29.7,27,35,,,122,11,,1007.9,
2022-05-11,30.2,27,35,,,159,8.8,,1007.7,
2022-05-12,29.4,26,34,,,236,9.7,,1007.6,
2022-05-13,29.9,27,34,,,220,8.2,,1007.1,
2022-05-14,31.1,27,35,,,202,10.2,,1008,
2022-05-15,30.4,28,36,,,219,10.6,,1008.3,
2022-05-16,28.6,27,32,,,221,7.7,,1008.6,
2022-05-17,28.9,25,33,,,209,8.4,,1008.9,
2022-05-18,27.2,26,30,,,164,6.2,,1009.6,
2022-05-19,27.6,25,33,,,242,5.1,,1010,
2022-05-20,30.2,26,34,,,265,9.6,,1008.2,
2022-05-21,28,26,33,,,245,12.7,,1006.6,
2022-05-22,27.2,26,33,,,239,12.7,,1005.2,
2022-05-23,28.2,25,31,,,251,14.9,,1005.8,
2022-05-24,30.2,27,34,,,249,14.7,,1008.1,
2022-05-25,30.3,27,34,,,270,13.5,,1008.4,
2022-05-26,28.2,23,33,,,282,12.5,,1006.5,
2022-05-27,27.1,24,34,,,261,11.1,,1005.7,
2022-05-28,27.3,24,32,6.8,,254,12.2,,1006,
2022-05-29,27.9,25,32,1.9,,251,10.9,,1006.3,
2022-05-30,27.4,25,32,6.8,,223,8.7,,1005.9,
2022-05-31,30.3,26,34,18.8,,230,8,,1005.5,
2022-06-01,29.3,28,33,14.9,,203,8.5,,1006.4,
2022-06-02,26.5,24,31,15.1,,206,9.6,,1007.8,
2022-06-03,27.6,25,33,19.1,,220,8,,1008.2,
2022-06-04,27.5,26,33,10,,252,9.2,,1009.3,
2022-06-05,29.2,25,33,0,,246,9.3,,1007.9,
2022-06-06,29.7,26,35,5.8,,265,12.6,,1006.7,
2022-06-07,30.3,27,34,4.7,,280,8.7,,1007,
2022-06-08,31.1,27,35,6.9,,312,7.8,,1007.3,
2022-06-09,30.4,24,36,2.7,,286,7.8,,1006.8,
2022-06-10,29.9,26,34,13.8,,287,7.7,,1007.5,
2022-06-11,30.2,27,35,10.6,,338,6.6,,1007.5,
2022-06-12,27.1,25,34,12.8,,116,7.2,,1008.6,
2022-06-13,29.3,25,33,3,,212,7.4,,1008.1,
2022-06-14,30.3,26,34,3.8,,206,8.5,,1008.1,
2022-06-15,28.7,27,33,3.6,,201,7.7,,1008.8,
2022-06-16,30.2,26,34,10.2,,204,5.9,,1009.3,
2022-06-17,29.3,27,33,9.4,,217,6.3,,1008.8,
2022-06-18,28.7,26,34,15,,247,8.8,,1008.7,
2022-06-19,27.6,25,34,2.4,,261,7.7,,1007.8,
2022-06-20,28.4,25,34,5.6,,206,7.2,,1006.3,
2022-06-21,28,25,34,23.5,,222,8.5,,1006.4,
2022-06-22,27.4,24,33,22.7,,185,6.6,,1008.3,
2022-06-23,26.9,25,33,11.5,,209,7.5,,1008.7,
2022-06-24,27.3,24,32,7.4,,200,7.6,,1007.6,
2022-06-25,29.1,26,33,5.4,,186,6.5,,1007,
2022-06-26,29.4,27,34,10.4,,200,6.4,,1007.9,
2022-06-27,29.2,26,34,2.9,,248,6.7,,1008,
2022-06-28,28.1,23,33,14.8,,276,9.4,,1006.8,
2022-06-29,29.8,27,34,19.4,,267,13.6,,1004,
2022-06-30,28.3,26,33,8.1,,256,15.6,,1003.8,
2022-07-01,27.9,25,31,6.2,,253,13.1,,1004.6,
2022-07-02,27.9,27,30,8.2,,234,13.4,,1005.2,
2022-07-03,27.6,25,30,6,,235,10.2,,1006.3,
2022-07-04,28.7,26,33,11.1,,241,12.2,,1006.3,
2022-07-05,29.1,27,32,9.8,,239,12.8,,1006.6,
2022-07-06,29.1,27,34,8.6,,235,12.5,,1007.2,
2022-07-07,29.3,26,33,10.9,,253,12.4,,1007.1,
2022-07-08,27.4,25,32,14.3,,261,10.3,,1006.9,
2022-07-09,26.9,25,32,11.9,,268,10.9,,1005.6,
2022-07-10,26.7,24,31,18.4,,273,16.2,,1006,
2022-07-11,27.1,25,31,22.6,,274,15.8,,1006,
2022-07-12,26.4,25,29,19.9,,259,13,,1004.9,
2022-07-13,27.4,25,31,8.5,,266,16.5,,1004,
2022-07-14,27.7,25,31,3.8,,258,13,,1004.8,
2022-07-15,27.6,25,32,8.6,,256,11.5,,1006.2,
2022-07-16,28.2,26,33,9.9,,234,12,,1007.2,
2022-07-17,28.2,26,33,16.4,,232,13.9,,1008.5,
2022-07-18,28.7,26,33,11.4,,261,10.8,,1006.9,
2022-07-19,27.2,25,32,12.6,,258,9.8,,1005.9,
2022-07-20,25.8,25,30,24.8,,190,8.5,,1006.9,
2022-07-21,25.6,25,29,19.1,,169,6.7,,1009.6,
2022-07-22,29,24,35,0,,46,6.6,,1009.8,
2022-07-23,27.6,25,33,6.5,,107,6.7,,1008.8,
2022-07-24,29.5,25,34,1.2,,142,7.7,,1007.2,
2022-07-25,29.8,26,35,9,,121,9.8,,1007.4,
2022-07-26,27.9,25,32,2,,119,7,,1008,
2022-07-27,28.4,25,32,4.9,,194,6.7,,1007.5,
2022-07-28,28.2,25,33,3.5,,260,6.3,,1007.6,
2022-07-29,29.7,25,35,0.9,,251,9.3,,1006.8,
2022-07-30,29.7,27,34,11.4,,247,13,,1006.4,
2022-07-31,28.8,26,34,13.4,,262,12.8,,1005.4,
2022-08-01,27.8,25,33,18.3,,199,8.3,,1006.3,
2022-08-02,28.3,26,32,13.9,,237,8.7,,1007.2,
2022-08-03,27.9,26,33,20.8,,270,9.4,,1008.4,
2022-08-04,27.3,25,31,6.5,,271,7.1,,1008.3,
2022-08-05,28.1,25,32,20.9,,292,9.3,,1007.5,
2022-08-06,27.2,24,30,16.1,,265,11.7,,1007,
2022-08-07,26.8,25,30,19,,266,13.6,,1006.7,
2022-08-08,26.5,24,30,18.8,,262,13.5,,1006.6,
2022-08-09,27.8,25,32,13.8,,267,14.8,,1006,
2022-08-10,28.7,26,32,6.8,,253,19.4,,1005.8,
2022-08-11,25.9,25,30,4.7,,236,13,,1007.5,
2022-08-12,28.4,24,33,6.9,,203,7.9,,1008.3,
2022-08-13,29.7,26,34,0,,258,7.9,,1008.3,
2022-08-14,29.7,26,34,14.5,,308,9.2,,1008,
2022-08-15,26.8,23,32,7.8,,224,10.4,,1007.6,
2022-08-16,27,25,32,7,,218,7.7,,1007.7,
2022-08-17,27.9,26,32,4.3,,232,9.8,,1008.1,
2022-08-18,29.1,26,33,9,,256,10.5,,1007.5,
2022-08-19,28.7,26,34,4.6,,279,11.6,,1006.7,
2022-08-20,28.6,26,33,10,,250,12.9,,1006.2,
2022-08-21,28.1,27,32,5.3,,230,13.2,,1006.9,
2022-08-22,29.1,26,35,1.7,,237,10,,1007.4,
2022-08-23,29,25,33,7.1,,253,10.3,,1007.3,
2022-08-24,28.3,25,33,5.6,,259,8.1,,1006.5,
2022-08-25,27.6,25,32,8.6,,230,12.8,,1006.8,
2022-08-26,26.3,24,31,14,,208,10.7,,1008.9,
2022-08-27,28.6,24,34,9.8,,330,7.4,,1008.5,
2022-08-28,28.1,25,34,3.5,,89,4.4,,1007.3,
2022-08-29,29.6,25,33,5.8,,140,11.2,,1008.1,
2022-08-30,28.6,24,34,8,,144,9.5,,1008.3,
2022-08-31,28.1,24.8,33,11.1,,192,7.5,,1007.7,
2022-09-01,29.6,25,34,21.6,,239,4.4,,1007.4,
2022-09-02,27.3,24,33,3.3,,216,6.8,,1007.9,
2022-09-03,28.8,25,34,12.2,,219,8.9,,1007.4,
2022-09-04,27.7,25,32,10.4,,258,12.6,,1008.2,
2022-09-05,28.3,25,32,12.8,,260,10.2,,1008.5,
2022-09-06,27.3,25,32,11.1,,251,11.4,,1008.3,
2022-09-07,26.3,25,29,11.6,,263,7.5,,1008.6,
2022-09-08,27.4,25,31,15.2,,239,14,,1010.2,
2022-09-09,29.6,25,34,3.4,,243,7.8,,1009.8,
2022-09-10,29.5,26,34,8,,157,8.5,,1009.5,
2022-09-11,28.4,25,34,22.7,,142,7,,1008.9,
2022-09-12,27.1,25,33,6.5,,126,5.8,,1008.5,
2022-09-13,28.8,25,33,9.5,,190,6.9,,1009.1,
2022-09-14,27.9,25,32,9.5,,241,13.6,,1010.3,
2022-09-15,28.5,25,32,15.1,,252,15.5,,1009.5,
2022-09-16,28.2,25,32,9.4,,252,11.8,,1007.5,
2022-09-17,28.6,26,33,3.3,,259,9.9,,1007.6,
2022-09-18,27.8,26,32,7.5,,267,10.2,,1008.6,
2022-09-19,27.5,24,32,16.3,,276,8.2,,1008.5,
2022-09-20,27.8,25,31,12.5,,269,9.3,,1007.4,
2022-09-21,28.6,25,33,8.3,,238,10.7,,1006.7,
2022-09-22,27.8,26,32,8,,229,13,,1007.7,
2022-09-23,28.2,25,33,2.7,,241,9.3,,1008.2,
2022-09-24,27.8,26,32,12.3,,217,7.3,,1007.5,
2022-09-25,26.8,24,31,16.6,,230,8.2,,1008,
2022-09-26,25.8,24,31,19.1,,318,8.5,,1008.3,
2022-09-27,26.5,23,30,12.9,,288,10.9,,1005.7,
2022-09-28,26.6,25,31,12.5,,249,20.5,,1003,
2022-09-29,26.3,24,30,2.7,,217,13.8,,1005.6,
2022-09-30,27.7,25,31,2.6,,229,10.2,,1008.1,
2022-10-01,27.3,24,33,11.8,,224,8.3,,1008.7,
2022-10-02,27.5,25,31,15.9,,148,7.3,,1008.3,
2022-10-03,28.4,25,32,3.7,,125,10.5,,1008.3,
2022-10-04,28.4,25,32,1.2,,76,9.8,,1009,
2022-10-05,28.6,25,33,31.7,,127,10.3,,1009.7,
2022-10-06,27.3,25,31,3.4,,132,8.4,,1010.4,
2022-10-07,28.3,25,34,10.4,,74,6.2,,1009.5,
2022-10-08,25.6,25,28,17.9,,313,7.2,,1010.2,
2022-10-09,27.4,24,30,22.7,,224,6.3,,1010.7,
2022-10-10,27,24,32,10.8,,17,6.7,,1011,
2022-10-11,27.1,24,31,4.9,,305,5.8,,1010.4,
2022-10-12,28.8,25,33,14.4,,350,7.1,,1008.8,
2022-10-13,28.8,25,33,0.2,,332,9.8,,1007.6,
2022-10-14,26.9,25,31,0,,328,9.2,,1006.4,
2022-10-15,25.9,24,30,0,,307,9.6,,1006.5,
2022-10-16,27.9,22,33,0,,321,8.7,,1009,
2022-10-17,29.2,24,33,3.6,,307,8.5,,1009.2,
2022-10-18,28.3,25,34,12.5,,76,7.7,,1008.5,
2022-10-19,25.7,24,29,19.4,,159,8.4,,1008.8,
2022-10-20,26.8,24,29,12.9,,125,11.1,,1010.3,
2022-10-21,28.9,25,33,11.2,,131,8.2,,1010.8,
2022-10-22,28.9,26,33,7.7,,330,6.8,,1011,
2022-10-23,27.8,25,33,11,,273,5.5,,1010.8,
2022-10-24,28.2,23,35,11.3,,300,6.2,,1009.4,
2022-10-25,27.7,24,32,6.1,,260,8.5,,1009.6,
2022-10-26,28.8,25,32,7.2,,147,6.7,,1008.9,
2022-10-27,26.7,25,32,5.7,,333,7.8,,1008.8,
2022-10-28,27.4,25,30,7.8,,288,5.3,,1007.2,
2022-10-29,27.9,24,32,7.1,,7,7.9,,1006.8,
2022-10-30,28.4,26,33,0.1,,18,8.9,,1006.9,
2022-10-31,28.9,24,34,0,,4,9,,1007.8,
2022-11-01,27.9,25,32,0.2,,7,8.2,,1008.7,
2022-11-02,27.6,25,31,2.1,,111,5.9,,1009.6,
2022-11-03,25.6,24,29,22.3,,83,6.7,,1010.5,
2022-11-04,26.4,24,30,15.6,,61,5.8,,1011.8,
2022-11-05,27.7,24,33,10.6,,92,7.8,,1012.7,
2022-11-06,27.8,24,33,1.3,,261,5.4,,1012.3,
2022-11-07,27.8,24,33,0,,291,5,,1011.2,
2022-11-08,28.6,25,33,0,,3,6.1,,1010.5,
2022-11-09,29.1,25,33,0.6,,28,5,,1010.3,
2022-11-10,28.7,25,35,2.8,,326,4.7,,1009.4,
2022-11-11,29.4,26,33,1.1,,97,7.1,,1009.5,
2022-11-12,27.6,26,33,7,,322,6.3,,1009,
2022-11-13,27.8,25,32,8.7,,90,9.1,,1008.9,
2022-11-14,28.3,25,33,8.3,,88,8,,1009.2,
2022-11-15,28.3,25,33,7.1,,104,7.6,,1009.3,
2022-11-16,28.1,24,34,0.6,,40,7.4,,1008.3,
2022-11-17,28.6,25,33,10.8,,67,5.8,,1008,
2022-11-18,28.3,26,33,9.3,,304,8,,1008.5,
2022-11-19,26.1,25,28,4.3,,335,7.7,,1007.5,
2022-11-20,25.6,25,27,31.7,,333,6.2,,1005.5,
2022-11-21,26.6,24,29,13.2,,323,5.2,,1005.3,
2022-11-22,26,25,29,7.3,,305,4.8,,1006.2,
2022-11-23,26.3,25,30,6.9,,143,9.9,,1007.8,
2022-11-24,26.9,25,30,5.8,,123,13.6,,1009.6,
2022-11-25,28.1,25,32,9,,133,11.9,,1010.7,
2022-11-26,28,25,32,23.5,,99,8.2,,1010.1,
2022-11-27,28.7,26,32,8.4,,129,12,,1009.1,
2022-11-28,28.9,26,33,8.1,,128,11.3,,1009.4,
2022-11-29,28.7,26,33,1.7,,123,10.3,,1009.7,
2022-11-30,29.2,25,34,0,,81,6.1,,1009.4,
2022-12-01,29.2,26,33,0,,73,6,,1008.3,
2022-12-02,27.8,24,34,2.9,,72,11.7,,1007.6,
2022-12-03,26.4,24,32,6.3,,65,9.5,,1008.3,
2022-12-04,28.1,23,33,2.7,,105,10.4,,1009,
2022-12-05,28.6,25,33,1.9,,93,7.3,,1009.4,
2022-12-06,28.3,25,33,6.7,,345,6.5,,1008.7,
2022-12-07,26.9,25,32,0.4,,31,5.1,,1008.8,
2022-12-08,28.9,24,33,0,,44,4.9,,1008.3,
2022-12-09,27.9,25,32,5.4,,15,6.8,,1008.3,
2022-12-10,27.5,24,32,0,,94,6.9,,1008.5,
2022-12-11,27.6,24,33,0.9,,90,8.3,,1009.6,
2022-12-12,27.1,23,32,0,,87,9.1,,1010.4,
2022-12-13,26.9,21.6,32,0,,329,7.3,,1010.6,
2022-12-14,26.6,23,30,0,,344,5.3,,1010.8,
2022-12-15,28,22,33,0,,347,6.1,,1009,
2022-12-16,28.8,25,33,0,,108,7.8,,1008.3,
2022-12-17,28.1,25,31,0.2,,55,10,,1008.5,
2022-12-18,26.4,24,32,0,,34,18.4,,1009,
2022-12-19,26.5,22,32,0,,17,8.9,,1009.1,
2022-12-20,27.5,22,32,0,,318,6.5,,1008.4,
2022-12-21,27.9,24,33,0,,301,7.1,,1008,
2022-12-22,27,24,32,0,,326,7.5,,1008.3,
2022-12-23,25.4,21,32,0,,54,9.6,,1010.3,
2022-12-24,24.9,20,30,0,,351,8,,1011.5,
2022-12-25,25.1,21,30,0,,355,6.7,,1012.8,
2022-12-26,25.8,20,31,0,,23,7,,1013.8,
2022-12-27,25.2,22,29,0,,325,4.7,,1013.7,
2022-12-28,27.1,21,32,0,,17,6.1,,1013.3,
2022-12-29,27.8,24,32,0,,272,7.2,,1013.3,
2022-12-30,26.8,25,31,0,,20,7.7,,1013.8,
2022-12-31,25.9,23,30,0,,12,9.2,,1013.6,
2023-01-01,26.5,23,31,0.6,,13,8.9,,1012.8,
2023-01-02,26.9,23,32,0,,332,6.4,,1013.3,
2023-01-03,28.2,24,33,1,,28,9.7,,1012.3,
2023-01-04,27.8,24,33,0.1,,29,13.4,,1011.7,
2023-01-05,25.1,24,28,5.8,,23,17.2,,1011.4,
2023-01-06,26.4,22,30,18.3,,17,15.2,,1011,
2023-01-07,25.4,24,29,1.9,,9,13.6,,1010.2,
2023-01-08,26.4,23,29,4.3,,327,6.7,,1010.8,
2023-01-09,26.6,25,31,23.6,,58,7.7,,1011.7,
2023-01-10,26.5,24,29,16.2,,104,12.2,,1011.2,
2023-01-11,27.2,25,30,0.7,,125,10.4,,1010.8,
2023-01-12,27.4,25,31,3.8,,147,12.4,,1010.6,
2023-01-13,28.2,24,32,4.6,,190,8,,1010.8,
2023-01-14,28.5,25,33,0.1,,271,7.3,,1008.9,
2023-01-15,28.8,25,33,0,,289,7.4,,1008.3,
2023-01-16,28.1,25,34,0.2,,128,8.9,,1010.3,
2023-01-17,27.4,23,32,0.1,,8,7.3,,1011.2,
2023-01-18,27.3,23,32,0,,10,7.4,,1012.3,
2023-01-19,27.8,24,33,0,,35,8,,1011.7,
2023-01-20,27.9,23,33,0,,357,7.7,,1011.1,
2023-01-21,29.3,24,34,0,,26,6.2,,1009.9,
2023-01-22,28.9,25,33,0.1,,31,6.4,,1009.3,
2023-01-23,29.1,25,34,0.2,,81,7.4,,1008.4,
2023-01-24,27.8,24,35,0.7,,65,9,,1009.4,
2023-01-25,26.6,23,32,0,,46,9.1,,1009.6,
2023-01-26,27.2,23,32,0,,312,6.8,,1010,
2023-01-27,27.3,24,33,1.2,,19,6.9,,1009.5,
2023-01-28,26.8,23,32,0,,52,10.8,,1009.3,
2023-01-29,25.4,23,30,0,,22,9.2,,1010.6,
2023-01-30,25.4,21,30,0,,317,9.4,,1011.8,
2023-01-31,27.7,21,33,0,,223,7.3,,1010.1,
2023-02-01,27.6,24,31,0.4,,271,7.2,,1009.5,
2023-02-02,27.8,24,32,2.5,,104,7.5,,1009.8,
2023-02-03,29.2,25,34,0,,114,12.6,,1010.2,
2023-02-04,28.9,24,35,0,,120,12.6,,1009.5,
2023-02-05,28.9,23,34,0,,112,9,,1009,
2023-02-06,29.1,25,34,0,,128,12.4,,1009.4,
2023-02-07,28.6,26,34,0.6,,142,13.8,,1009.8,
2023-02-08,29.2,25,35,0.4,,127,7.5,,1009.6,
2023-02-09,29.4,26,35,0.5,,126,14.4,,1009.5,
2023-02-10,29.2,26,35,0,,129,14.2,,1010,
2023-02-11,29,25,34,0,,123,13.2,,1010.1,
2023-02-12,28.8,25,34,0,,145,10.6,,1010.5,
2023-02-13,28.3,26,33,0,,169,12.4,,1010.6,
2023-02-14,28,25,33,0,,148,9.6,,1010.5,
2023-02-15,28.1,25,34,0,,109,8.8,,1010.7,
2023-02-16,28.3,23,33,0,,61,5.8,,1011.6,
2023-02-17,28.8,23,34,0.6,,97,8.7,,1011.6,
2023-02-18,27.6,25,33,0.1,,106,7.3,,1011.1,
2023-02-19,28,25,34,3.3,,315,8.6,,1010.7,
2023-02-20,27.4,24,33,0,,316,7.2,,1010.9,
2023-02-21,27.8,23,34,0,,27,7.4,,1011.7,
2023-02-22,27.7,23,33,0.9,,2,7.3,,1011.7,
2023-02-23,27.9,24,33,0,,299,6.7,,1010.6,
2023-02-24,27.6,24,34,0,,86,8.7,,1010.9,
2023-02-25,27.3,23,33,0,,29,6.2,,1013.4,
2023-02-26,27.8,22,34,0,,32,10.5,,1014.5,
2023-02-27,28.2,22,34,0,,42,8.4,,1014.3,
2023-02-28,28.8,24,34,0,,68,7.9,,1013.4,
2023-03-01,28.8,25,35,0,,131,7.7,,1013.3,
2023-03-02,29,24,35,0,,86,8.3,,1013.2,
2023-03-03,26.8,23,33,0,,5,9,,1014.6,
2023-03-04,26.9,22,32,0,,17,6.3,,1015.4,
2023-03-05,27.3,22,33,0,,70,8.2,,1014.7,
2023-03-06,26.8,22,32,0,,212,9.7,,1013.8,
2023-03-07,27.1,21,34,0,,97,8.6,,1013.8,
2023-03-08,27.3,22,33,0,,118,7.9,,1013.5,
2023-03-09,27.3,23,33,0,,118,10.1,,1012.5,
2023-03-10,27.1,22,33,0,,131,9.5,,1011.8,
2023-03-11,27.6,23,33,0,,119,10.3,,1012.1,
2023-03-12,27.4,24,33,0,,136,11,,1012.2,
2023-03-13,27.7,23,33,0,,84,8.3,,1011.9,
2023-03-14,27.9,23,34,0,,109,8.2,,1010.5,
2023-03-15,27.4,23,33.3,0,,107,12.4,,1011,
2023-03-16,28.7,21.6,35,0,,118,11.6,,1011.9,
2023-03-17,28.6,24,35,0,,129,11.1,,1011.6,
2023-03-18,28.8,25,34,0,,145,12.4,,1010.7,
2023-03-19,29.8,26,36,0,,143,15,,1009.6,
2023-03-20,29.3,26,34,0.2,,160,12,,1009.5,
2023-03-21,29.1,26,35,0,,158,11.4,,1009.3,
2023-03-22,29,26,35,0,,153,11.9,,1008.2,
2023-03-23,29.4,26,33,0,,170,10.8,,1008.6,
2023-03-24,29.4,26,35,0,,169,11.5,,1008.9,
2023-03-25,28.6,26,33,0,,157,11.8,,1010,
2023-03-26,29.8,25,36,0,,153,9.4,,1008.9,
2023-03-27,29.6,27,34,0,,155,12.7,,1009.6,
2023-03-28,30.1,27,36,1.3,,141,17.2,,1010.3,
2023-03-29,30.2,26,36,0.1,,127,12.3,,1010.5,
2023-03-30,29.4,27,34,1.1,,155,12.9,,1009.3,
2023-03-31,29.2,27,33,0.4,,161,13.1,,1009.7,
2023-04-01,28.8,27,34,0,,148,11.8,,1009.3,
2023-04-02,30.3,25,36,0,,149,10,,1008.8,
2023-04-03,29.2,26,34,7.7,,158,8.8,,1008.8,
2023-04-04,30.3,26,36,0.7,,175,10.4,,1008.1,
2023-04-05,30.2,27,35,0.2,,184,12,,1008.6,
2023-04-06,30.5,26,35,0.1,,169,9.9,,1009,
2023-04-07,30.4,28,35,0,,165,13.8,,1010.5,
2023-04-08,31.1,27,37,0,,148,12.6,,1012,
2023-04-09,30.6,28,36,0.8,,130,9.3,,1011.6,
2023-04-10,30.2,26,34,2.9,,162,8,,1010.3,
2023-04-11,30.2,28,34,0.7,,155,11.2,,1009.8,
2023-04-12,30.2,28,35,2.5,,170,10.4,,1008.8,
2023-04-13,31.1,28,35,0.9,,174,9.7,,1008.6,
2023-04-14,31,29,35,3,,170,10.5,,1008.2,
2023-04-15,29.3,23,35,20.9,,197,11.7,,1007.8,
2023-04-16,29.6,25,34,7.4,,135,7.1,,1007.7,
2023-04-17,30.3,27,34,1,,151,12,,1009.4,
2023-04-18,30.3,28,34,0,,159,11.9,,1009.7,
2023-04-19,30.6,28,34,0,,185,10.3,,1007.1,
2023-04-20,30.8,28,36,0.8,,215,12.5,,1005.3,
2023-04-21,31.2,28,36,1.7,,202,12.9,,1005.9,
2023-04-22,31.4,29,36,0.1,,195,12.4,,1006.8,
2023-04-23,31.1,28,36,0,,158,12.8,,1008.5,
2023-04-24,31,27,37,0.8,,119,9.8,,1009.5,
2023-04-25,31.6,28,37,0.1,,135,13.9,,1008,
2023-04-26,31,28,35,0,,121,10.7,,1008.2,
2023-04-27,31.5,28,36,1.5,,123,11.7,,1008.5,
2023-04-28,31.4,28,36,0.1,,126,14.1,,1008.6,
2023-04-29,31.2,29,35,0.5,,141,13.6,,1008,
2023-04-30,30.5,27,36,4.3,,117,11.1,,1008,
2023-05-01,31.4,26,36,0,,113,11.7,,1008.1,
2023-05-02,32.1,28,37,0.8,,121,13.3,,1008.6,
2023-05-03,32.2,29,37,0.9,,134,15.4,,1009.3,
2023-05-04,31.3,29,36,0.2,,159,14.1,,1007.7,
2023-05-05,31.6,28,35,0.4,,205,10.6,,1005.7,
2023-05-06,32.6,29,38,0,,225,12.3,,1004.4,
2023-05-07,31.4,29,36,0.2,,222,14.4,,1005,
2023-05-08,28.7,25,35,1,,221,11.9,,1006.5,
2023-05-09,27.9,26,33,18.4,,211,6.8,,1007.8,
2023-05-10,30.8,26,36,6.7,,142,8.8,,1008.3,
2023-05-11,30.1,28,33,3.3,,155,8.8,,1009.8,
2023-05-12,29.6,27,34,4.1,,131,10.2,,1010.2,
2023-05-13,30.6,27,35,1.9,,153,8.7,,1010.2,
2023-05-14,30.9,28,36,7.2,,176,12.5,,1010.3,
2023-05-15,30.6,27,36,1.9,,222,8.1,,1010.3,
2023-05-16,29,25,33,1.3,,200,9.8,,1010.5,
2023-05-17,29.7,27,35,18.1,,231,8.5,,1010.3,
2023-05-18,31.2,26,36,19.6,,247,11.1,,1009.4,
2023-05-19,31.9,28,36,6.4,,246,12.5,,1007.7,
2023-05-20,29.7,24,34,11,,229,13.1,,1007.8,
2023-05-21,27.5,25,33,12.7,,202,9.1,,1009.6,
2023-05-22,29.1,25,35,11.6,,223,9.3,,1010.1,
2023-05-23,30.4,27,35,13.1,,231,10.8,,1009.3,
2023-05-24,30.6,28,35,10.3,,232,13.3,,1009.2,
2023-05-25,30.2,28,34,9.1,,228,10.7,,1009.8,
2023-05-26,27.8,26,33,11.9,,229,10.7,,1009.3,
2023-05-27,26.4,23,32,25.1,,259,7.4,,1007.7,
2023-05-28,28.1,25,32,17.7,,246,7.8,,1006.7,
2023-05-29,28.8,27,34,10.1,,223,9.7,,1007.6,
2023-05-30,29.6,27,34,2.9,,236,13.1,,1007.6,
2023-05-31,28.9,27,34,5.8,,241,14.8,,1007,
2023-06-01,30.1,27,34,10.4,,252,18.7,,1006.6,
2023-06-02,30.4,28,34,3.2,,246,16.2,,1007.4,
2023-06-03,30.6,28,35,10.3,,251,15.7,,1008.1,
2023-06-04,28.9,24,35,32.6,,274,13.4,,1007.6,
2023-06-05,27.8,25,33,27.9,,306,9.5,,1006.8,
2023-06-06,28.1,26,32,20.5,,259,10.7,,1007.4,
2023-06-07,28.6,26,31,12,,235,13.1,,1008.7,
2023-06-08,28.8,26,31,10.7,,252,13.2,,1008.7,
2023-06-09,28.6,26,32,5.2,,260,12.6,,1007.8,
2023-06-10,27.8,26,32,23.8,,258,15.4,,1006.7,
2023-06-11,29.3,26,33,5.4,,260,19,,1006.8,
2023-06-12,28.2,26,34,8.3,,241,15.1,,1007.8,
2023-06-13,28.4,25,33,1.7,,261,9.8,,1008.3,
2023-06-14,30.6,27,35,13.2,,259,13.9,,1009.4,
2023-06-15,29.7,27,35,5.1,,275,13.2,,1008.6,
2023-06-16,30.1,27,34,11.8,,250,12.1,,1007.8,
2023-06-17,27.9,26,32,17.1,,233,9.9,,1009,
2023-06-18,27.8,25,33,11.1,,256,7.9,,1009.6,
2023-06-19,30.7,25,35,4.8,,281,7.5,,1008.5,
2023-06-20,31.2,27,36,7.2,,269,12.8,,1008.1,
2023-06-21,30.3,27,35,0,,273,10.5,,1009,
2023-06-22,29.8,23,35,24.9,,275,11,,1008.7,
2023-06-23,30.7,25,36,20.4,,240,9.2,,1007.2,
2023-06-24,29,26,34,2.4,,237,7.9,,1006.9,
2023-06-25,27.3,25,33,14.3,,213,8.2,,1007.3,
2023-06-26,28.9,25,35,4.8,,248,7.9,,1007.2,
2023-06-27,28.8,25,34,8.2,,241,6.6,,1007.7,
2023-06-28,28.5,26,34,10.3,,216,8,,1008.7,
2023-06-29,28.3,24,32,15,,229,8.9,,1008.4,
2023-06-30,28.4,25,35,10.5,,214,10.7,,1008.1,
2023-07-01,27.6,25,32,36.5,,213,10.4,,1009,
2023-07-02,26.4,25,31,5.7,,183,6.1,,1009.9,
2023-07-03,28.5,25,33,8.7,,275,8.7,,1009.9,
2023-07-04,29.6,24,34,0,,326,7.5,,1009.2,
2023-07-05,28.3,25,34,9.8,,6,7.6,,1008.4,
2023-07-06,28.1,25,34,6.7,,118,5,,1009.4,
2023-07-07,30.4,26,35,2.7,,159,8.7,,1009.3,
2023-07-08,28.7,26,31,7.3,,163,8,,1009.6,
2023-07-09,27.4,26,32,12,,228,7.3,,1009.8,
2023-07-10,29.4,25,33,4.1,,228,7.5,,1009,
2023-07-11,30.2,26,34,1.9,,262,9.3,,1009,
2023-07-12,29.9,27,34,11.2,,246,7.3,,1008.8,
2023-07-13,28.2,23,34,24,,266,10.8,,1008.2,
2023-07-14,28.3,25,33,56.1,,270,11,,1008,
2023-07-15,29.4,25,33,17,,266,12.8,,1006.5,
2023-07-16,27.3,24,33,10,,247,15,,1005,
2023-07-17,27.3,26,31,10.8,,252,21.5,,1004.7,
2023-07-18,27.9,26,32,12,,250,20.9,,1005.6,
2023-07-19,28,26,33,16.2,,265,16.7,,1005.5,
2023-07-20,26.3,25,30,14.7,,266,11,,1006.2,
2023-07-21,26.6,24,29,11.9,,247,8.9,,1007.9,
2023-07-22,27.2,25,31,11.5,,239,8.8,,1009.5,
2023-07-23,27.1,25,30,12.1,,227,10.8,,1009.3,
2023-07-24,26.9,25,30,11.9,,236,13.8,,1008.2,
2023-07-25,27.4,25,33,8.8,,248,15.7,,1008.4,
2023-07-26,28.3,25,34,15.2,,261,14.4,,1008,
2023-07-27,27.8,26,31,26.5,,258,17.7,,1007,
2023-07-28,28.2,24,33,18.2,,255,18.4,,1005.5,
2023-07-29,28.1,25,31,13.3,,244,20,,1006.2,
2023-07-30,28.1,27,30,19.2,,242,18.1,,1007.5,
2023-07-31,28.3,27,32,6.6,,253,17,,1008.5,
2023-08-01,29.2,25,33,10.8,,260,13.5,,1008.2,
2023-08-02,29,27,33,9.2,,258,18.1,,1008.5,
2023-08-03,28.7,27,33,3,,238,17.7,,1009.3,
2023-08-04,29.1,27,34,0.4,,240,16.4,,1011.3,
2023-08-05,29.2,27,34,4,,247,15.8,,1011.5,
2023-08-06,29.7,26,33,7.6,,252,19.9,,1009.6,
2023-08-07,30,26,34,0.4,,259,18.5,,1008.5,
2023-08-08,29.9,27,34,3.7,,254,18.4,,1009.3,
2023-08-09,30.3,27,35,3.2,,259,18.7,,1010.1,
2023-08-10,30.2,27,35,0.2,,265,15,,1009.4,
2023-08-11,30.4,27,35,1.7,,260,19.3,,1008.5,
2023-08-12,30.6,27,35,7.2,,253,19.9,,1008,
2023-08-13,29.2,26,35,3.8,,250,17.4,,1008,
2023-08-14,29.6,27,35,6.8,,239,14.2,,1008.2,
2023-08-15,29.6,27,33,9.6,,240,18.2,,1008.8,
2023-08-16,29.2,27,33,2.8,,251,14,,1009.4,
2023-08-17,28.2,26,34,11.7,,256,11.7,,1008.3,
2023-08-18,28.6,26,34,16.9,,260,9.6,,1007.3,
2023-08-19,28.3,26,33,14.3,,266,9.6,,1006.8,
2023-08-20,27.5,25,32,15.5,,240,11.1,,1007.3,
2023-08-21,29.1,26,33,4,,213,11.8,,1008.4,
2023-08-22,28.8,26,34,3.8,,237,11.7,,1008.6,
2023-08-23,29.6,27,35,0,,261,14.6,,1008.3,
2023-08-24,29.7,26,34,2.1,,255,15.7,,1008.4,
2023-08-25,30.7,27,35,8.9,,263,13.6,,1008,
2023-08-26,29.6,27,34,14.5,,269,16.3,,1008.2,
2023-08-27,28.9,25,34,15.5,,263,13.3,,1007.3,
2023-08-28,29.5,26,34,15.8,,265,14,,1006.2,
2023-08-29,28.6,24,34,6.1,,248,16.2,,1006.1,
2023-08-30,27.3,25,31,23.2,,235,7.7,,1007.7,
2023-08-31,27.6,25,31,10.4,,248,14.4,,1007.7,
2023-09-01,27.9,26,32,10.7,,261,14.3,,1007.3,
2023-09-02,27.9,26,31,9.3,,247,20,,1006,
2023-09-03,27.8,26,31,11,,247,14,,1005,
2023-09-04,28.3,26,31,10.9,,239,19.6,,1005.4,
2023-09-05,27.7,26,31,15.9,,245,17,,1007.2,
2023-09-06,29.1,26,33,5.4,,267,9.1,,1008.6,
2023-09-07,28.8,26,32,10,,252,9.2,,1008.6,
2023-09-08,27.4,24,34,12.4,,246,9.7,,1008.6,
2023-09-09,27.6,25,31,7.8,,198,6.9,,1008,
2023-09-10,28.1,26,31,7.3,,226,14.2,,1008.8,
2023-09-11,28.3,24,31,3.7,,257,13.8,,1009.5,
2023-09-12,27.9,26,31,8.4,,246,13,,1010,
2023-09-13,28.3,26,33,0.9,,265,13.7,,1009.8,
2023-09-14,27.5,25,33,9.2,,274,9.7,,1009.3,
2023-09-15,28.4,25,31,13.5,,255,16.3,,1009,
2023-09-16,28,26,31,12.9,,216,10.7,,1009.3,
2023-09-17,27.5,24,33,26.4,,232,6.8,,1009,
2023-09-18,29.3,25,34,9.4,,266,5.5,,1009.7,
2023-09-19,30.1,25,35,9.2,,326,6.5,,1009.9,
2023-09-20,28.7,25,34,3.9,,155,7.2,,1009.2,
2023-09-21,27.9,25,33,19.3,,122,4.9,,1009.3,
2023-09-22,27.8,25,32,15.7,,199,7.2,,1008.7,
2023-09-23,27.4,25,32,4.6,,251,6.1,,1008.9,
2023-09-24,27.4,25,33,18.7,,259,9.2,,1007.3,
2023-09-25,27.9,25,32,10.7,,260,12.3,,1005.9,
2023-09-26,27,26,31,11.5,,234,17.2,,1007,
2023-09-27,27,25,31,24,,233,11.7,,1008.4,
2023-09-28,28.9,25,33,2.2,,288,7.5,,1010,
2023-09-29,29.1,27,34,21.6,,295,8.3,,1010.8,
2023-09-30,26.9,24,30,7.9,,287,11.4,,1010.8,
2023-10-01,27.1,24,31,24.4,,275,7.8,,1009,
2023-10-02,25.7,25,27,46.6,,264,5.4,,1009.6,
2023-10-03,27.4,24,30,5.2,,255,10.3,,1010.1,
2023-10-04,28.4,26,32,8.6,,215,10.6,,1009.9,
2023-10-05,28.2,25,32,10.8,,217,7.4,,1009.4,
2023-10-06,28.3,25,34,15.6,,216,8.2,,1009.5,
2023-10-07,28.6,25,33,9.4,,246,7,,1010.4,
2023-10-08,28.9,26,34,2.1,,314,7.2,,1011.3,
2023-10-09,29,25,33,0,,342,8.9,,1011,
2023-10-10,28.4,24,32,7,,172,5.6,,1010.5,
2023-10-11,29.8,26,35,12.1,,123,7.7,,1010.7,
2023-10-12,28.7,25,34,5,,72,8.5,,1011.8,
2023-10-13,27.8,25,31,3.7,,242,5.3,,1011.1,
2023-10-14,28.8,26,33,2.4,,225,5.5,,1009.3,
2023-10-15,28.3,25,33,6,,278,5.8,,1008.2,
2023-10-16,27.3,25,30,37.6,,271,4.8,,1009.4,
2023-10-17,28.3,25,33,24.2,,247,9.3,,1010.1,
2023-10-18,28.9,26,34,11.9,,246,6.4,,1010.8,
2023-10-19,28.7,24,33,9.6,,185,6.6,,1010.8,
2023-10-20,28.5,24,33,5.6,,102,8.2,,1010.9,
2023-10-21,28.1,26,32,10.6,,50,5.9,,1012.1,
2023-10-22,27.9,25,33,3.6,,349,5.1,,1012.3,
2023-10-23,26.8,24,33,12.4,,247,6.1,,1012,
2023-10-24,27.9,24,33,5.5,,309,6.1,,1010.9,
2023-10-25,27.7,26,32,8.2,,112,5.7,,1011.4,
2023-10-26,28.2,25,33,13.4,,107,5.6,,1011.7,
2023-10-27,28.8,25,34,2.5,,142,5.9,,1010.9,
2023-10-28,27.5,24,34,6.4,,357,3.9,,1010.6,
2023-10-29,26.6,25,32,31.2,,20,5.1,,1010.5,
2023-10-30,27.8,24,33,3.5,,27,6.2,,1010.2,
2023-10-31,27.7,25,34,2.2,,43,4.1,,1010.7,
2023-11-01,28.4,25,33,5.3,,38,5,,1010.9,
2023-11-02,28.2,25,32,13.1,,306,6.1,,1010.5,
2023-11-03,27.8,25,33,6.2,,327,5.7,,1009.3,
2023-11-04,28.5,24,33,2,,87,7.7,,1009.6,
2023-11-05,28.8,26,34,11.1,,46,8.3,,1010.6,
2023-11-06,28.6,24,34,2,,77,9,,1010.7,
2023-11-07,28.2,26,32,1.9,,0,6.7,,1010.5,
2023-11-08,29.2,25,33,3.2,,79,8.1,,1010,
2023-11-09,29.5,26,34,6.3,,109,9.7,,1010.3,
2023-11-10,28.7,26,32,10.9,,38,7.6,,1011.8,
2023-11-11,29.6,26,34,1,,90,11.5,,1011.6,
2023-11-12,29.2,26,34,2.7,,69,7.8,,1011.9,
2023-11-13,29.6,26,35,3,,22,6.5,,1011.2,
2023-11-14,28.9,26,34,5.4,,40,6.2,,1011.8,
2023-11-15,27.9,25,31,3.7,,34,8,,1012.3,
2023-11-16,27.2,25,30,0.5,,30,5.9,,1013.2,
2023-11-17,28.2,26,32,5,,21,9,,1013.2,
2023-11-18,27.7,23,33,0,,32,11.7,,1012.4,
2023-11-19,27.6,23,34,0,,13,7.6,,1012,
2023-11-20,28,24,32,0,,28,7.7,,1011.3,
2023-11-21,29,26,33,0,,3,6.2,,1010.1,
2023-11-22,28.1,24,32,0,,326,5.7,,1009.2,
2023-11-23,27.5,26,31,0.3,,296,6.6,,1009.2,
2023-11-24,26.8,25,29,0.7,,26,6.4,,1010,
2023-11-25,28.1,24,33,7,,18,6.7,,1009.8,
2023-11-26,28.3,25,33,0.4,,347,5.1,,1010.8,
2023-11-27,28.5,25,33,0,,45,10.8,,1010,
2023-11-28,28.1,24,33,0.1,,15,7.9,,1010,
2023-11-29,28.8,24,33,2.5,,39,7.2,,1009.6,
2023-11-30,29.7,26,33,3.3,,109,6.7,,1010.4,
2023-12-01,29.6,26,35,0,,64,7,,1009.8,
2023-12-02,28.2,25,32,3.8,,103,7.5,,1010.6,
2023-12-03,27.4,24,31,5.4,,77,6.3,,1010.7,
2023-12-04,29,25,34,0.7,,92,7,,1010.8,
2023-12-05,29.5,26,34,0,,100,7,,1010.1,
2023-12-06,28.9,26,32,0.1,,105,7.5,,1011,
2023-12-07,28.7,25,32,0.2,,102,6.6,,1010.9,
2023-12-08,27.8,26,32,0,,51,5.2,,1011.3,
2023-12-09,28.5,25,33,0,,131,5.7,,1010.4,
2023-12-10,28.8,26,32,0,,141,8.1,,1009.8,
2023-12-11,29.3,24,35,0,,118,10.9,,1010.1,
2023-12-12,29.7,25,35,0,,97,9.7,,1010,
2023-12-13,29.5,25,34,4.9,,93,7.1,,1011,
2023-12-14,30.6,26,35,0,,93,13,,1011.5,
2023-12-15,29.8,25,35,0,,113,8.7,,1011.1,
2023-12-16,29.2,26,33,0,,109,7.2,,1011.1,
2023-12-17,29.4,25,35,0,,96,8.6,,1011.1,
2023-12-18,29,24,34,5.7,,40,7.2,,1011.8,
2023-12-19,29.2,25,34,0,,33,9.4,,1011.4,
2023-12-20,28.9,25,34,0.7,,43,11.5,,1011,
2023-12-21,29.1,24,35,0,,31,12.4,,1010.8,
2023-12-22,28.1,24,35,0.8,,40,13.6,,1012.5,
2023-12-23,27.6,24,31,2.8,,16,11.2,,1013.3,
2023-12-24,26.9,24,30,0.1,,359,6.9,,1014.8,
2023-12-25,28.1,24,33,0,,19,9.8,,1013.9,
2023-12-26,28,23,33,0,,1,7.1,,1014.3,
2023-12-27,28.2,24,33,0,,346,6.1,,1013.8,
2023-12-28,28.3,25,32,0,,43,6.1,,1013,
2023-12-29,29.2,26,34,0.4,,15,5.6,,1011.8,
2023-12-30,29.6,26,34,0,,99,6.5,,1011,
2023-12-31,28.7,26,34,0,,264,6.9,,1011.4,
2024-01-01,28.2,25,32,0,,293,6.2,,1011.3,
2024-01-02,28.6,25,34,0,,304,6.3,,1010.9,
2024-01-03,28.6,26,33,0,,304,7.1,,1010.8,
2024-01-04,28.2,25,32,0,,340,6.8,,1011.3,
2024-01-05,27.7,24,31,0,,341,5.1,,1012.1,
2024-01-06,28.7,25,33,0.3,,333,6.1,,1011.6,
2024-01-07,28.8,25,34,0,,138,6.9,,1012.3,
2024-01-08,28.6,26,32,0,,87,5,,1012,
2024-01-09,28.8,26,34,0,,93,7.3,,1011.2,
2024-01-10,29.3,26,34,0,,128,9,,1010.5,
2024-01-11,28.5,24,34,0,,102,7.9,,1011.2,
2024-01-12,27.5,23,32,0,,131,7.9,,1011.1,
2024-01-13,27.1,23,32,0,,77,5.1,,1011.3,
2024-01-14,27.3,23,32,0,,340,5.3,,1012,
2024-01-15,27.8,23,34,0,,47,6.8,,1011.5,
2024-01-16,28.3,24,33,0,,63,6.3,,1011.3,
2024-01-17,29,24,35,0,,77,6.7,,1011.2,
2024-01-18,29,25,35,0,,106,6.7,,1010.8,
2024-01-19,28.6,24,34,0,,123,7.5,,1010.8,
2024-01-20,27.9,24,32,0,,139,8.5,,1011.5,
2024-01-21,28,24,32,0,,119,9.2,,1012.4,
2024-01-22,29.3,25,35,0,,118,10.9,,1012.6,
2024-01-23,28.8,24,35,0,,101,8.3,,1013.4,
2024-01-24,28.7,24,35,0,,154,8.9,,1013.6,
2024-01-25,29.1,25,35,0,,104,8.3,,1015.3,
2024-01-26,28.9,25,34,0,,94,8.1,,1016,
2024-01-27,28.6,24,34,0,,87,9,,1015.3,
2024-01-28,28.9,24,35,0,,103,10,,1015.3,
2024-01-29,29,24,35,0,,69,8.2,,1014.8,
2024-01-30,29.2,25,34,0,,109,11.2,,1014.2,
2024-01-31,29.1,25,35,0,,114,11.3,,1014,
2024-02-01,28.8,26,34,0,,147,9.9,,1014.2,
2024-02-02,28.1,26,33,0,,151,12.4,,1013.5,
2024-02-03,28.6,25,35,0,,152,12.1,,1013.4,
2024-02-04,28.9,26,35,0,,158,9.4,,1013.8,
2024-02-05,28.5,26,33,0,,153,9,,1013.8,
2024-02-06,29,26,35,0,,139,11.8,,1013.9,
2024-02-07,28.7,26,32,0,,161,10.7,,1012.8,
2024-02-08,28.1,26,32,0,,145,10.9,,1012.1,
2024-02-09,29.4,26,35,0,,141,13.8,,1013.4,
2024-02-10,29.3,25,35,0,,101,8.5,,1014.9,
2024-02-11,29.1,24,35,0,,71,9.3,,1016.3,
2024-02-12,28.4,23,34,0,,61,8.3,,1015.5,
2024-02-13,29.5,24,35,0,,95,10.8,,1014,
2024-02-14,30.5,27,36,0,,112,12.3,,1013,
2024-02-15,30.8,26,36,0,,111,13.7,,1013,
2024-02-16,30.1,26,36,0,,113,12.3,,1012.8,
2024-02-17,29.5,25,36,0,,122,12.7,,1012,
2024-02-18,29.3,24,36,0,,139,12.2,,1012.1,
2024-02-19,29.2,26,34,0,,143,14.1,,1012.2,
2024-02-20,28.9,26,34,0,,156,12.2,,1011.9,
2024-02-21,28.7,26,33,0,,152,12.6,,1011.5,
2024-02-22,29.3,26,35,0,,153,13.5,,1012.4,
2024-02-23,29.5,26,34,0,,149,14,,1012.7,
2024-02-24,30.1,27,35,0.2,,140,15.8,,1012.4,
2024-02-25,29.8,25,35,0,,108,10.3,,1011.7,
2024-02-26,30.4,25,36,0,,104,11.2,,1011.8,
2024-02-27,30.1,27,36,1.2,,105,13.1,,1011.1,
2024-02-28,30,25,36,0,,119,13.3,,1010.2,
2024-02-29,30.1,25,36,0,,123,14.4,,1010.7,
2024-03-01,30,26,35,0,,124,13,,1011.2,
2024-03-02,29.9,26,36,0,,118,10.4,,1011.2,
2024-03-03,29.4,25,34,0,,124,10.7,,1011,
2024-03-04,29.3,26,34,0,,151,15.5,,1010.5,
2024-03-05,29,26,34,0,,161,9.4,,1010,
2024-03-06,29.2,27,34,0,,166,9.9,,1008.9,
2024-03-07,29.5,27,35,0,,165,12,,1008.9,
2024-03-08,30.3,26,36,0,,141,18.8,,1010.3,
2024-03-09,30,26,36,0,,122,12.1,,1010.6,
2024-03-10,30.1,26,36,0,,129,16.3,,1012.3,
2024-03-11,30.5,25,37,0,,122,12.9,,1012.8,
2024-03-12,30.8,27,36,0,,120,11.5,,1012.7,
2024-03-13,30.1,27,35,0,,131,12,,1012.2,
2024-03-14,29.8,27,36,0,,146,13.7,,1011.7,
2024-03-15,29.4,26,35,0,,145,16.1,,1012,
2024-03-16,30,26,36,0,,136,13.9,,1012.6,
2024-03-17,30.3,27,35,0,,146,12.9,,1012,
2024-03-18,29.9,27,36,0,,146,14.5,,1010.8,
2024-03-19,29.9,26,35,0,,136,16.6,,1011.7,
2024-03-20,29.9,24,37,0,,107,11.1,,1012.5,
2024-03-21,30,26,35,0.6,,119,10.2,,1011.2,
2024-03-22,30,27,35,0,,140,15.2,,1009.1,
2024-03-23,29.6,27,34,0.5,,153,15.3,,1010.1,
2024-03-24,29.9,27,35,0,,150,15.2,,1011.2,
2024-03-25,30,27,35,0.2,,153,13.8,,1011.1,
2024-03-26,31.1,28,37,0,,140,17.7,,1012,
2024-03-27,31,27.3,37,0.1,,120,12.9,,1012.7,
2024-03-28,30.3,27,35,0.1,,154,13.8,,1011.7,
2024-03-29,30.2,27,35,0,,149,13.5,,1011.4,
2024-03-30,31,27,36,0,,153,14.3,,1012.3,
2024-03-31,30.8,28,35,0,,160,10.5,,1011.8,
2024-04-01,31,28,36,0.2,,164,10.1,,1009.7,
2024-04-02,30.8,29,35,0.2,,166,12.9,,1008.9,
2024-04-03,31,28,36,0,,172,12.3,,1009.4,
2024-04-04,31.1,28,36,0,,169,11.4,,1008.7,
2024-04-05,30.9,29,35,0.2,,160,13.9,,1008.4,
2024-04-06,30.7,28,35,0,,152,14.6,,1008.9,
2024-04-07,30.8,27,36,0,,146,12.9,,1008.3,
2024-04-08,31,28,36,0,,154,12.6,,1008.9,
2024-04-09,31.7,28,37,0,,139,15.9,,1009.3,
2024-04-10,31.9,27,38,0.4,,129,14.5,,1010.5,
2024-04-11,32.1,28,38,0.7,,130,14.3,,1009.7,
2024-04-12,32,29,37,0,,138,13.4,,1009.4,
2024-04-13,31.2,29,35,0,,152,16.3,,1009.5,
2024-04-14,30.8,28,35,0,,156,14.5,,1010.3,
2024-04-15,31.2,28,36,0,,151,13.9,,1010.8,
2024-04-16,31.7,28,37,0,,143,16.1,,1009.2,
2024-04-17,31.4,29,35,0.1,,159,13.8,,1009,
2024-04-18,31.4,28,36,0,,175,10.6,,1008,
2024-04-19,31.4,27,37,0,,190,12.6,,1007,
2024-04-20,31.1,28,35,0,,174,13.5,,1007.3,
2024-04-21,31.8,29,37,0,,162,12,,1007.8,
2024-04-22,31.5,29,36,0,,171,12.4,,1007.7,
2024-04-23,31.8,29,36,0,,177,11.9,,1007.3,
2024-04-24,31.9,29,37,1.5,,162,12.8,,1007.2,
2024-04-25,32.5,29,37,2.8,,160,13,,1007.3,
2024-04-26,32.6,30,37,0.8,,164,12.9,,1006.9,
2024-04-27,32.7,30,37,0,,162,12.5,,1006.8,
2024-04-28,33,30,38,0.7,,180,12.6,,1008,
2024-04-29,33,29,39,0,,192,10.9,,1008.3,
2024-04-30,32.5,29,37,0,,189,12.7,,1006.3,
2024-05-01,32.9,30,38,0,,182,13.4,,1005.5,
2024-05-02,32.8,30,38,0.9,,168,13.6,,1006.9,
2024-05-03,32.8,30,38,0,,153,13.3,,1007.6,
2024-05-04,32,29,37,4.8,,183,9.9,,1007.8,
2024-05-05,29.9,27,35,7.9,,162,7.4,,1007.8,
2024-05-06,31.4,27,36,0,,132,11.4,,1008.4,
2024-05-07,30.9,26,36,13.9,,134,11.7,,1009.8,
2024-05-08,31,27,36,0.5,,85,10.9,,1008.9,
2024-05-09,31.7,29,37,4.2,,132,15.4,,1008.8,
2024-05-10,32.1,28,38,2,,135,14,,1009,
2024-05-11,32.3,30,37,10.8,,122,12.7,,1010.1,
2024-05-12,32.4,30,37,4.6,,132,12.9,,1009.3,
2024-05-13,32.3,29,37,5.2,,147,13.3,,1008.5,
2024-05-14,31.3,28,37,0.9,,60,9,,1008.7,
2024-05-15,30.8,24,38,10.9,,113,13.4,,1009.5,
2024-05-16,29.1,26,35,4.5,,108,8.4,,1008.9,
2024-05-17,30.7,28,34,9.6,,154,9,,1008.6,
2024-05-18,31,28,35,0.8,,165,6.9,,1006.8,
2024-05-19,31,27,35,7.1,,241,9.3,,1005.8,
2024-05-20,30.4,27,36,6.3,,202,11.1,,1006,
2024-05-21,28.7,25,35,17.8,,232,9.4,,1007.4,
2024-05-22,29.9,27,35,5.7,,213,7.1,,1007.5,
2024-05-23,29.3,28,33,13.6,,225,6.1,,1007.5,
2024-05-24,31.1,27,37,0,,98,5.3,,1007.4,
2024-05-25,32.5,30,37,2.6,,155,10.9,,1008,
2024-05-26,30.5,26,35,2.6,,216,7.5,,1008.8,
2024-05-27,31.8,29,37,1.9,,237,11.8,,1007.1,
2024-05-28,29.9,29,32,39.1,,240,9.8,,1007.3,
2024-05-29,30.7,28,34,7.6,,275,11.3,,1006.7,
2024-05-30,29.5,27,34,19.6,,241,11.5,,1007.1,
2024-05-31,28.3,26,34,8.4,,224,10.5,,1008.5,
2024-06-01,29.7,26,35,11.4,,218,6.9,,1010.3,
2024-06-02,30.2,27,34,0,,314,7.9,,1010.3,
2024-06-03,31.6,28,36,0,,284,9.8,,1008.9,
2024-06-04,32.3,28,37,0,,255,9,,1008.3,
2024-06-05,30.9,29,35,0.7,,246,13,,1009.2,
2024-06-06,31.5,28,36,7.5,,271,8.6,,1009.5,
2024-06-07,28.5,26,33,1.7,,249,9.8,,1008.3,
2024-06-08,29.3,26,35,11.1,,226,7.3,,1007,
2024-06-09,29.5,27,32,5,,232,14.1,,1007.4,
2024-06-10,29.7,28,32,6.3,,238,16,,1009.3,
2024-06-11,30.8,28,35,1.5,,248,12.3,,1010.3,
2024-06-12,30.7,27,36,3.6,,268,13.5,,1010.3,
2024-06-13,31.5,27,35,0.2,,284,12.3,,1008.4,
2024-06-14,30.2,26,36,7.1,,246,9.7,,1006.7,
2024-06-15,30.6,25,35,8.5,,255,7.1,,1006.1,
2024-06-16,29.1,24,35,6.3,,248,8.4,,1007.6,
2024-06-17,29.9,27,35,3.2,,240,9.9,,1008.1,
2024-06-18,30.4,27,35,8.8,,247,13.6,,1007.1,
2024-06-19,30.5,28,35,9.1,,245,16.8,,1005.9,
2024-06-20,29.5,24,33,13.7,,262,15.3,,1005.4,
2024-06-21,26.8,25,31,13.6,,299,9.2,,1005.2,
2024-06-22,28,25,32,12.8,,236,17.3,,1005.4,
2024-06-23,27.6,25,31,14.5,,238,20.9,,1007.1,
2024-06-24,27.6,25,30,12.4,,228,13.9,,1007.5,
2024-06-25,28.5,25,32,5.5,,244,15.3,,1007.6,
2024-06-26,28.7,25,33,0.9,,306,9.1,,1007.4,
2024-06-27,28,25,32,24.2,,317,9.4,,1008.8,
2024-06-28,29,25,33,7.2,,107,9.5,,1008.7,
2024-06-29,30,27,33,4.7,,161,12.1,,1009.2,
2024-06-30,30.4,27,35,2.2,,225,12,,1009.7,
2024-07-01,29.8,26,33,1.5,,259,14.3,,1008.2,
2024-07-02,29.4,26,35,22.9,,284,8.7,,1006.4,
2024-07-03,28,25,32,15.9,,244,9.5,,1008.3,
2024-07-04,27.4,25,31,8.7,,209,9.2,,1010,
2024-07-05,28.9,26,33,3.7,,307,11.3,,1008,
2024-07-06,30,26,35,3.9,,190,9.2,,1006.1,
2024-07-07,29.7,27,33,10.4,,195,11.7,,1006.8,
2024-07-08,29,25,33,7.8,,209,8.8,,1007.1,
2024-07-09,29.4,26,33,9.3,,205,9.8,,1008.3,
2024-07-10,28,24,32,12.8,,227,11.1,,1009.8,
2024-07-11,27.3,25,31,25,,248,13.7,,1008.4,
2024-07-12,28,26,32,4.4,,248,18.1,,1006.7,
2024-07-13,28,25,31,29.4,,263,16.6,,1005.4,
2024-07-14,26.8,25,31,12.2,,261,17.4,,1005.5,
2024-07-15,27.7,23,33,15.9,,261,14.1,,1005.2,
2024-07-16,26.9,24,31,9.2,,252,15,,1005.4,
2024-07-17,26.4,25,32,14.4,,233,19,,1006.1,
2024-07-18,27.3,24,31,21.7,,248,15.3,,1007.2,
2024-07-19,27.5,24,31,3.9,,255,15.1,,1007.1,
2024-07-20,27,25,29,18.4,,245,12.7,,1007.7,
2024-07-21,28.3,26,32,13.1,,268,14.6,,1007.6,
2024-07-22,27.9,26,31,7.8,,240,17.9,,1007.9,
2024-07-23,29.4,26,33,2.5,,240,19.6,,1007.3,
2024-07-24,29.6,27,33,0.1,,247,20.8,,1005.7,
2024-07-25,28,25,32,8.7,,249,18,,1004.8,
2024-07-26,28,25,32,13.8,,241,16.4,,1006,
2024-07-27,27.5,25,30,23.3,,232,13.3,,1007.6,
2024-07-28,28.3,26,31,23.3,,231,14.2,,1007.5,
2024-07-29,29.2,26,33,14.9,,236,13.9,,1007.2,
2024-07-30,29.7,27,34,4.4,,235,15,,1008.6,
2024-07-31,29.6,27,34,12.6,,238,13.2,,1010,
2024-08-01,29.8,27,35,3.5,,237,10.8,,1010.1,
2024-08-02,29.7,25,35,17.1,,247,9.9,,1009.2,
2024-08-03,28.3,26,32,9.8,,214,10.3,,1009.4,
2024-08-04,27.1,26,30,4.9,,241,11.4,,1009.4,
2024-08-05,28.9,25,34,19,,260,10.7,,1008.5,
2024-08-06,28.8,26,34,9.5,,255,12.3,,1007.5,
2024-08-07,29.7,27,34,10.3,,250,13,,1008.3,
2024-08-08,30.2,27,35,0,,245,13.6,,1009,
2024-08-09,29.8,27,34,2.5,,223,13.1,,1008.3,
2024-08-10,30.6,27,35,2.8,,247,15,,1007.2,
2024-08-11,30.6,28,35,1.8,,243,17.9,,1005.8,
2024-08-12,29.2,26,35,7.4,,234,19.1,,1006.5,
2024-08-13,30,26,35,0.7,,233,10.9,,1007.6,
2024-08-14,30.1,26,35,3,,237,12.8,,1007.2,
2024-08-15,30.1,27,35,7.2,,244,13,,1006.7,
2024-08-16,30,27,34,6.9,,220,12.5,,1006.7,
2024-08-17,29.4,26,34,7.5,,250,9,,1008,
2024-08-18,30.8,26,35,0.1,,207,9,,1008.4,
2024-08-19,30.3,28,34,0,,227,11.1,,1008,
2024-08-20,29.7,26,35,0.8,,230,9.5,,1008.8,
2024-08-21,29.7,26,34,1.6,,241,8,,1009.6,
2024-08-22,30,26,35,2,,155,8,,1009.5,
2024-08-23,28.7,27,33,3.1,,258,8.4,,1010.2,
2024-08-24,28.8,24,34,1.4,,287,6.9,,1009.5,
2024-08-25,27.5,25,33,3.4,,247,9.5,,1008.7,
2024-08-26,28.1,25,33,6.7,,238,9.6,,1008.4,
2024-08-27,27.8,26,31.3,6.6,,235,9.4,,1008.8,
2024-08-28,27.7,26,32,,,236,12.9,,1008.6,
2024-08-29,28.2,25,31,,,248,17.2,,1008.8,
2024-08-30,28.5,24,33,,,277,15.4,,1009.1,
2024-08-31,27,24,32,,,310,9.3,,1008.8,
2024-09-01,26.6,24,31,,,307,9.7,,1008.1,
2024-09-02,26.6,24,30,,,215,9,,1008.3,
2024-09-03,28,25,32,,,235,15.7,,1008.7,
2024-09-04,26.5,25,30,,,236,12.9,,1007.6,
2024-09-05,28.5,25,33,13.7,,245,15.8,,1004.3,
2024-09-06,28.2,26,32,10.9,,245,20.1,,1004.8,
2024-09-07,28.9,25,32,12.4,,234,20.8,,1007,
2024-09-08,28.8,26,32,26.4,,241,16.4,,1008.6,
2024-09-09,29.8,27,34,5.8,,266,15,,1006.8,
2024-09-10,29.2,27,34,20.6,,275,11.5,,1006.1,
2024-09-11,27.8,25,34,6.3,,303,8.8,,1007.7,
2024-09-12,28.3,26,33,14.7,,281,8.7,,1008.1,
2024-09-13,27.9,25,33,21.3,,252,11.9,,1006.7,
2024-09-14,28,25,31,20.6,,242,15.6,,1005.3,
2024-09-15,27.5,26,30,9.3,,252,13.5,,1004.8,
2024-09-16,27.8,26,31,23.6,,268,14.5,,1003.8,
2024-09-17,26.7,25,29,20.8,,255,13.1,,1002.7,
2024-09-18,25.5,23,28,25.4,,261,8.5,,1001.5,
2024-09-19,28.1,25,32,3.4,,240,18.1,,1002,
2024-09-20,26.7,25,30,8.8,,236,15.5,,1004.1,
2024-09-21,26.1,25,28,17.3,,221,15.1,,1006.4,
2024-09-22,26.5,25,29,10.7,,206,8.4,,1007.6,
2024-09-23,27.8,25,32,27.3,,198,8.7,,1009.5,
2024-09-24,28.4,26,31,4.9,,61,5.4,,1009.5,
2024-09-25,28.4,26,33,3.4,,112,6.9,,1009.9,
2024-09-26,28.4,25,33,8.3,,151,9.7,,1009.8,
2024-09-27,28.7,24.6,33,5.4,,107,10.5,,1009.5,
2024-09-28,29.8,27,35,0.6,,159,8.7,,1008.8,
2024-09-29,30.5,27,35,3.1,,260,11.1,,1008.3,
2024-09-30,30.3,27,34,17.9,,237,12.6,,1007.4,
